driverId,name,ssn,location,certified,wage-plan
10,William Gregory,288-84-2974,"758 Gutierrez Estate
New Morgan, IL 01741",N,hours
11,Michael Davis,265-49-1850,"91483 Margaret Plain
Reevesville, WA 38365",Y,miles
12,Aaron Wheeler,297-02-8496,"1046 John Extension
East Theresa, NC 25191",N,miles
13,Stephen King,726-23-8924,"572 Rocha Station
North Brian, NC 21452",Y,hours
14,Nicholas Roberts,231-69-4768,"30286 Clark Wells
New Norman, LA 26220",Y,hours
15,Scott Joyce,350-11-0783,"6334 John Greens Suite 084
West Kaylafort, MN 39447",N,miles
16,David Robinson,416-03-7713,"67906 Garcia Mountain Suite 769
Markchester, MN 84195",Y,miles
17,Sarah Reyes,807-90-5215,"279 Tran Camp Suite 482
East Kristintown, AK 12854",N,miles
18,Timothy Garner,365-39-9206,"6691 Cynthia Springs Apt. 274
West Karenbury, MD 29419",N,miles
19,Edward Alvarez,499-54-4134,"47046 Price Burg Suite 042
Marialand, NE 26146",N,hours
20,Nancy Nolan,109-66-8584,"5084 Terry Square
Buckleyshire, PR 70823",N,miles
21,Dalton King,775-40-7887,"80436 Michelle Isle
Gregoryview, NE 46497",N,miles
22,Gary Thompson,257-12-9321,"286 Ariana Extension Apt. 692
West Jessica, NC 18915",Y,miles
23,Patricia Decker,455-58-6766,"35753 Douglas Course Apt. 722
South Erictown, OR 81926",N,miles
24,Emily Johnson,403-68-8776,"24073 Cunningham Plaza
Brandonbury, OR 21670",N,miles
25,Karen Price,641-48-4601,"17037 Davila Falls
Angelaberg, AL 56729",N,hours
26,Michael Ramirez,275-37-6135,"6696 Seth Street Suite 020
East Alanbury, MN 69342",N,hours
27,Angela Fleming,479-70-0555,"3804 Leslie Square Suite 545
Jenniferbury, KS 70024",N,miles
28,William Howe,850-21-2055,"2949 Scott Fort Suite 422
Port Kelly, GU 35667",Y,miles
29,Corey Smith,060-53-4695,"3680 Green Ports Apt. 725
East Gregory, NE 40766",Y,hours
30,James Cook,685-26-4091,"8882 Weiss Station
Brownburgh, RI 09513",N,miles
31,Emily Reese,140-06-4244,"2192 Smith Shores
East Kennethmouth, MI 24454",N,miles
32,Andrew Sanchez,150-91-7568,"72155 Manning Vista Suite 919
North Jamiechester, MI 21363",N,miles
33,Joanne Phillips,245-94-7558,"108 Schroeder Village Suite 104
New Amanda, WA 24579",N,hours
34,Jennifer Chang,323-51-0418,"5419 Ashley Land Suite 403
North Kellytown, KY 43494",N,miles
35,Ruben Clark,568-37-6125,"153 Anderson Isle Suite 896
Atkinsonstad, WI 62705",N,miles
36,Derek Brock,329-80-6228,"20939 Miller Groves Apt. 490
East Kylefort, WY 45107",N,miles
37,Jeremiah Elliott,459-05-6200,"737 Cardenas Stravenue Apt. 765
East Jenniferhaven, ID 37560",Y,hours
38,Rachel Rich,029-21-4090,"5911 Kristin Locks
West Nicholemouth, WY 34781",Y,miles
39,Douglas Hopkins,816-14-2394,"Unit 7526 Box 8529
DPO AE 56342",N,hours
40,Ann Williams,571-76-6473,"44023 Travis Corner Apt. 878
South Amandastad, PA 07957",N,hours
41,Kathleen Bender,545-62-6383,"6359 Daniel Cliffs Apt. 805
New Coreyburgh, WA 64084",N,hours
42,Nathan Tanner,548-53-4174,"87267 Richards Pine
East Diane, AL 82984",N,miles
43,Eric Cherry,425-82-1853,"879 Connie Underpass
South Sharon, FL 59137",N,hours
44,Elizabeth Mckinney,089-92-6933,"7363 Bradley Falls
Cruzport, ID 27336",N,hours
45,Leah Wright,452-35-5335,"93233 Prince Camp Suite 421
New Cynthiastad, OK 69738",Y,hours
46,Thomas Mccarthy,307-98-9612,"72624 Tina Views Suite 208
East Virginiamouth, MP 02605",Y,hours
47,Laura Sampson,426-03-1728,"84797 Jessica Plain
North Stephen, NM 99661",N,miles
48,Terrance Dawson,274-19-6884,"536 Jordan Key Suite 172
Burnshaven, NH 50945",Y,miles
49,Karen Lowe,869-92-7856,"4378 Owens Underpass Apt. 811
Reyesstad, TN 61813",Y,hours
50,Kelsey Gross,503-57-8929,"811 Hernandez Springs
East Jessica, FL 34348",N,miles
51,Lori Wright,556-83-7354,"100 Leslie Camp
West Kristamouth, AR 41786",Y,hours
52,Troy Guerra,179-74-6842,"8633 Hartman Field Suite 805
Port Jacqueline, PA 89955",Y,hours
53,Melissa Gillespie,425-44-8816,"14524 Huffman Burgs Suite 113
Port Zachary, MH 53436",N,hours
54,Angela Taylor,117-02-0429,"057 Green Mission
Ramosstad, NJ 50068",Y,miles
55,Jacob Anthony,848-17-2134,"Unit 5533 Box 7912
DPO AP 10456",Y,hours
56,Michael Lawrence,249-64-7702,"2431 Marshall Roads
Jamesland, SC 80252",N,hours
57,Michael Perez,016-43-5772,"0551 Laurie Fork Apt. 911
West Jackport, UT 54332",Y,hours
58,Thomas Anderson,778-21-8609,"74489 Zavala Village Apt. 476
West Jillianfurt, WI 03646",Y,miles
59,Mary Dunn,817-97-6347,"657 Lawrence Walk
Port Cassiefurt, MN 35454",Y,miles
60,Heather Peters,549-30-6675,"22309 Henderson Road
Lisastad, MH 54683",N,miles
61,Amanda Adams,371-41-6992,"391 Robinson Isle
Raymondmouth, VA 73613",N,hours
62,Sean Harrell,658-18-6692,"0105 Gary Motorway
Gloverside, FM 13007",N,hours
63,Mrs. Casey Carr,467-66-5167,"2766 Samantha Springs Apt. 345
New Erikville, CO 35209",N,hours
64,Steven Payne,247-74-8918,"619 Brian Club Apt. 843
New Angieport, CT 29590",N,hours
65,Elizabeth Blake,891-58-5651,"53586 Case Spring Suite 235
West Glenda, VT 05498",Y,hours
66,Steven Cross,258-73-6480,"750 Raymond Mission
Banksmouth, RI 49740",Y,hours
67,Michael Frank,544-28-5235,"4072 Christopher Plains Suite 785
East Kaitlyn, MO 43518",N,hours
68,Lauren Simmons,522-38-5516,"82509 Newman Isle Apt. 768
Robersonfurt, TN 62997",Y,hours
69,Amy Baker,253-68-3560,"7890 Stephanie Grove
Martinbury, WI 56924",N,hours
70,Allison Hopkins,498-32-9601,"5597 Hardin Ridges
Davenportfurt, MI 36221",N,hours
71,Kyle Sanford,683-25-6874,"36079 Devin Drive
Josephmouth, TN 80673",Y,hours
72,Micheal Gardner,467-23-1568,"52645 Graham Unions Apt. 667
Ashleyfort, NC 00957",N,hours
73,Ronald Landry,790-07-6817,"575 Rachel Centers
Jonathanborough, CA 84022",N,hours
74,Janet Lewis,432-75-4304,"USS Juarez
FPO AA 70194",N,hours
75,Tammy Copeland,274-12-7989,"USNV Deleon
FPO AE 11028",N,hours
76,Julie Johnson,171-26-8225,"4531 Chandler Ford
Adambury, AK 83228",N,miles
77,Jason Watkins,145-13-7815,"540 Amanda Extensions Apt. 974
North David, SC 96540",Y,hours
78,Richard Johnson,393-98-7043,"04079 Collins Point
West Danielfort, CA 83117",N,miles
79,Kevin Nguyen,525-10-7728,"0683 Ethan Square
East Jenniferberg, AZ 61279",Y,miles
80,Linda King,582-01-1857,"824 Sarah Light
West Calvinton, WA 73157",Y,hours
81,Mary Glenn,128-92-3060,"6396 Donald Motorway
New Kimberly, NV 21955",N,miles
82,Jessica Rodriguez,570-68-6272,"129 Houston Port Apt. 965
Garciamouth, WY 39895",Y,hours
83,Victoria Love,212-01-4724,"819 Johnson Neck Apt. 504
Kurtbury, MN 88407",Y,miles
84,Michael Vazquez,348-84-1265,"31126 Leon Extensions Apt. 101
Derekfort, OK 64161",Y,hours
85,David Kelly,480-97-0182,"13812 Susan Haven
Velasquezbury, HI 84936",Y,miles
86,Julia Stokes,194-77-4862,"93448 Anthony Tunnel
Port Kim, NH 71077",N,hours
87,Nicole Byrd,435-12-6850,"PSC 8874, Box 4885
APO AP 87762",Y,miles
88,Kelly Nixon,246-45-5280,"6161 Lindsey Pine Suite 442
Hollyton, NE 92504",Y,hours
89,George Spears,458-82-6379,"03116 Scott Landing Suite 730
Judithton, WV 45626",N,miles
90,Sara Mcgee,192-73-9749,"USNS Brown
FPO AA 90961",N,miles
91,Eric Lee,148-83-7775,"9962 William Isle Apt. 275
Normanville, DE 36028",Y,miles
92,Anthony Henry,505-93-6089,"83488 William Rest
Griffinmouth, WY 58329",Y,hours
93,Ashley Castro,241-11-9452,"68070 Rachel Divide Apt. 454
Leeview, PA 57938",N,hours
94,Cory Mccoy PhD,782-49-8239,"3447 Singh Rue Apt. 786
Lake Aimeeview, AK 38239",Y,miles
95,Shawn Simmons,835-01-2203,"78912 Caitlin Harbor
Port Joshua, OK 51117",N,hours
96,Dale Johnson,619-49-4694,"027 Phillips Union
North Ashleyton, AR 38273",N,hours
97,Benjamin Jones,167-10-7265,"PSC 4718, Box 7344
APO AE 07648",Y,hours
98,Elizabeth Smith,592-64-7898,"769 Mccarthy Isle Apt. 792
Lopezfort, PA 91765",Y,miles
99,Tiffany Briggs,646-49-2966,"443 Rhodes Springs Suite 731
Port Javiertown, NC 07260",N,hours
100,Adrian Johnson,013-32-2775,"0107 Jeffrey Place
Davidview, OR 72665",Y,miles
101,Casey Bentley,692-62-5803,"PSC 9918, Box 3063
APO AE 73028",Y,miles
102,Colleen Johnson,602-17-7845,"4762 Kelli Road Apt. 372
West Sherrychester, MA 28537",N,hours
103,Haley Patterson,366-76-9725,"859 Hicks Inlet Apt. 410
Lake Kevin, ND 26831",N,hours
104,Brittany Freeman,125-37-9059,"447 Sarah Skyway
Smithfort, VI 91011",Y,hours
105,Meredith Larson,311-38-3734,"27538 Kevin Point Apt. 629
South Matthewmouth, KY 97670",N,miles
106,Candice Lewis,802-57-8117,"448 Samuel Locks Suite 609
North Louisside, CA 09598",Y,hours
107,Willie Silva,301-73-0645,"Unit 3427 Box 1343
DPO AA 43374",N,miles
108,Nicholas Gray,711-85-0292,"01837 Fritz Streets
West Tiffany, GU 35853",N,hours
109,Nicholas Kelley,547-66-2166,"517 Delgado Mountain
Lake Russellville, CT 90626",N,hours
110,Billy Acosta,649-36-4477,"682 Smith Drive Suite 275
Wrightside, FL 36345",N,miles
111,Mary Miller,275-64-1065,"31665 Richard Pike Apt. 524
Carlaburgh, CA 12322",Y,miles
112,Kerry Costa,341-17-7049,"1809 Martinez Views
North Teresa, NM 25006",Y,hours
113,Meghan Werner,119-75-4738,"958 Tamara Expressway
West Danielmouth, GU 89985",Y,miles
114,Lindsay Rogers,712-62-3788,"228 Michelle Club
Jordanstad, SC 85484",Y,miles
115,Melissa Day,298-07-6776,"63312 Donaldson Estate
Terriville, VT 11977",N,miles
116,Kevin Powell,885-54-0758,"16535 Rita Inlet Suite 062
Port Brandon, PA 94391",Y,miles
117,Christine Turner,041-39-3171,"PSC 5746, Box 1113
APO AA 14365",Y,hours
118,Andrew Porter,034-51-6722,"630 Meagan Isle Suite 107
Kellyland, WI 34503",Y,miles
119,Matthew Payne,274-60-4961,"7978 Leslie Isle
West Alex, AS 01947",Y,miles
120,Stephanie Benson,857-44-9889,"485 Guzman Oval Apt. 321
Danbury, TX 91687",Y,miles
121,Anthony Walker MD,146-73-8016,"USS Cross
FPO AP 40739",N,miles
122,Daniel Moore,786-52-6083,"8923 Nathan Summit Suite 523
Hoganshire, CT 39881",N,miles
123,Gloria Walsh,450-74-6976,"7211 Emily Dale Suite 727
Lake Amy, KS 31846",Y,hours
124,Wesley Schaefer,396-81-2374,"544 Ford Ranch
Lake Brandonborough, FM 87268",Y,miles
125,Rachel Dixon,544-40-3547,"8480 Meyer Mills Suite 071
Stevenberg, ID 75065",Y,hours
126,Edward Morris,802-35-4876,"Unit 0252 Box 1236
DPO AP 41567",N,hours
127,Bradley Richardson,071-02-1227,"005 Karen Valley Apt. 168
Lake Lauren, LA 97046",N,hours
128,Michael Kelley,612-82-5674,"USCGC Carney
FPO AA 28936",Y,hours
129,Savannah Young,452-03-3547,"64482 Connie Greens
Jenniferton, WI 16234",N,hours
130,Larry Perry,539-04-6119,"1977 William Expressway
West Georgeton, MO 38660",N,miles
131,Michael Meyer PhD,713-79-6262,"8016 Hebert Squares
Vasquezton, MP 05982",Y,miles
132,Jon Wright,021-33-7681,"4609 Ryan Plains
East Christinaport, VA 99834",Y,hours
133,Meghan Rich,056-69-1960,"867 Thomas Creek
Martinezberg, IN 89063",N,miles
134,Randy Stone,223-43-9721,"07696 Lindsey Via
Carolinefurt, WA 09768",N,hours
135,Eric Ryan,708-58-4287,"312 Norman Stravenue
West Whitneyfort, WA 79887",Y,miles
136,Deborah Fry,439-38-8640,"5172 Sellers Lodge
Markborough, AS 54318",N,miles
137,Justin Jackson,132-60-1746,"659 Anderson Stream
Lake Lorifurt, IL 86257",Y,miles
138,Dean Bell,062-65-6761,"USNV Diaz
FPO AP 51559",N,hours
139,Sandra Coleman,288-38-1990,"9128 Jason Mall
Port Franceschester, MP 99950",N,hours
140,Michael Mckinney,659-97-9947,"6246 Jose Coves Suite 827
Molinatown, SC 55169",Y,hours
141,Michael Johnson,048-91-7713,"063 Jessica Island
Wilsonton, ME 02927",N,miles
142,Andrew Ramirez,721-86-8176,"751 William Springs
South Andrew, WI 24620",Y,miles
143,Brandon Black,727-19-4227,"5137 Sanders Springs
Port Brian, TX 22160",N,hours
144,Kevin York,029-09-2934,"USNS Carpenter
FPO AA 78154",N,miles
145,Ann Kline,287-45-9069,"640 Andrew Burg Apt. 999
North George, GA 54157",Y,hours
146,David Chung,188-77-8547,"749 Snyder Village
Mariafort, NV 30493",Y,miles
147,Michelle Jenkins,441-67-6268,"5564 Erica Bridge
Kevinview, ID 22040",N,hours
148,Donna Camacho,873-73-9061,"76774 Tara Springs
Port Elizabeth, CT 08098",N,hours
149,Erica Elliott,116-40-4582,"7457 Williams Pine Suite 034
Jamesside, DC 58277",N,miles
150,Benjamin Hamilton,235-54-3659,"4741 Brown Fords Suite 846
East Brookeberg, IL 19159",Y,miles
151,William Hughes,873-51-5588,"2683 William Mountain Suite 815
Port Kevin, AS 58969",N,miles
152,Henry Randall,016-36-1663,"9041 Curry Land Apt. 339
Jeffreymouth, MP 16520",Y,hours
153,Christina Jones,082-82-0034,"36475 Johns Junctions Suite 087
Tiffanybury, VI 92012",N,hours
154,Joseph Hinton,503-36-2267,"Unit 9515 Box 9842
DPO AE 61833",Y,hours
155,Jacob Myers,110-54-4681,"317 Duncan Mission Apt. 820
Lake Sandra, NY 56058",N,miles
156,Wanda Bates,081-17-3832,"5824 Sylvia Extensions
Lake Erika, WV 51864",Y,hours
157,Jesse Meadows,360-74-3889,"004 John Knolls
Thomasfort, MH 27795",N,miles
158,Vickie Knight,655-75-8011,"97707 Bryan River Apt. 769
Richardsmouth, ND 62832",N,miles
159,Victoria Oliver,556-87-8921,"80826 Leah Mountain
West Christina, MP 78165",N,miles
160,Michael Williams,774-60-2650,"02928 Kayla Mountains
Crystalville, VA 78569",Y,hours
161,Jessica Patterson,308-57-0492,"6046 Megan Island Apt. 704
New Briannaburgh, PA 67543",Y,hours
162,David Bryan,661-42-3821,"2581 Robert Square Suite 912
East Ronald, AZ 33323",N,hours
163,David Russell,816-31-7059,"99548 Rice Station
Barnettstad, GU 89283",Y,miles
164,Craig Woodard,443-55-4648,"36429 Martinez Crescent
Thompsonton, DC 44686",N,hours
165,Brian Burns,552-30-1119,"078 Ramos Trace
Colemouth, PW 85280",N,hours
166,Kevin Ellis,304-52-1467,"90364 Preston Estate Suite 521
West Helen, SD 76566",Y,miles
167,Collin Jordan,017-08-9941,"44809 Brandon Islands Apt. 188
Lake Toni, CO 31114",N,hours
168,Matthew Anderson,067-89-1783,"28152 Holmes Village
Holmesport, MD 53385",Y,hours
169,Shirley Coleman,722-37-4663,"115 John Row
East Sarahport, WY 46813",Y,hours
170,Dylan Hansen,322-55-8916,"PSC 7714, Box 8145
APO AP 14635",N,miles
171,Anthony Ward,532-80-2849,"148 Taylor Junctions Suite 372
Port Brett, MD 83182",N,miles
172,Christopher Harris,852-84-3047,"USNS Brown
FPO AA 34049",Y,hours
173,Jill Watkins,116-24-2683,"41578 Stephanie Center Suite 661
Shortbury, HI 52150",N,miles
174,Mary Kaufman,083-57-3603,"046 Ramsey Brook Suite 608
Port Sarah, HI 21267",N,hours
175,Jennifer Hunt,642-68-5029,"7584 Jodi Prairie
Davidburgh, NY 97853",N,miles
176,Kellie Davis,789-18-7700,"7564 Jennifer Garden Apt. 741
Benjaminhaven, MN 29735",Y,hours
177,Michael Daniel,336-38-3163,"491 Lisa Flats
Thompsonville, TN 05092",Y,miles
178,Benjamin Mathis,876-40-5194,"44740 Jennifer Prairie Suite 469
Faithville, MH 01963",Y,miles
179,Ashley Jacobs,407-45-4280,"94004 French Lights Apt. 550
Lake Michelle, MA 20246",Y,hours
180,Ryan Jordan,823-17-4361,"7782 Clark Creek Apt. 886
Loriside, AK 19206",Y,miles
181,Mark Washington,436-51-4668,"59633 Mckay Street Suite 382
South Sandra, HI 12519",N,hours
182,Luis Wheeler,008-63-2868,"1121 Jones Junction Apt. 021
Leeside, IL 15492",N,hours
183,Wendy Pineda,515-29-1423,"529 Alejandro Point
Colemanton, ME 19217",N,miles
184,April Smith,682-85-9701,"583 Perkins Garden
Lake Katherine, MN 05993",N,miles
185,Caitlin Turner,265-25-4125,"94378 Brennan Skyway Suite 743
Port Kevinside, ND 33749",N,miles
186,Natalie Blair,227-37-0998,"056 Christopher Plaza
Port Benjaminbury, PW 83251",N,miles
187,Jeffrey Huffman,132-76-5229,"22007 Coleman Haven Apt. 659
Smithmouth, MO 87804",Y,hours
188,Terry Valdez,088-50-9632,"969 Williams Islands
Lake Jacob, RI 46025",Y,hours
189,Christopher Castillo,562-71-1058,"58441 Hopkins Camp Suite 069
North Lorifurt, CA 23892",N,hours
190,Toni Jones,356-40-8309,"1676 Miller Ports Suite 337
East Annberg, MT 53160",N,hours
191,Michael Medina,404-48-6874,"829 Patricia Square
North Sydney, MH 82639",N,miles
192,David Dennis,685-45-4153,"7409 Campbell Port
West Daniel, WA 19430",Y,miles
193,Daniel Lopez,465-99-2374,"38294 Vincent Corner
Hopkinsborough, NV 71769",N,hours
194,Tamara Marshall,087-24-3095,"0797 Stevens Heights
South Crystal, FL 22559",N,hours
195,Matthew Williams,509-07-0845,"25170 Carolyn Walks Apt. 487
West Kelly, WV 67839",N,miles
196,Kimberly Smith,249-67-0171,"46314 Robinson Stream Apt. 502
Humphreyshire, PW 05417",Y,hours
197,William Turner,031-54-8317,"15609 Richards Views Suite 072
Port Michelefort, PA 03322",N,hours
198,Timothy Elliott,182-81-9991,"886 John Skyway Apt. 744
Campbellstad, IA 67305",N,miles
199,Lori Nelson,247-63-3500,"7116 Anna Square
South Donaldstad, UT 12903",Y,miles
200,Lisa Alvarado,327-43-6569,"980 Lopez Shoals
New Lisa, PW 99821",Y,miles
201,Kelly Little,027-19-5531,"48301 Logan Crescent Suite 729
Warnermouth, NV 59859",N,hours
202,Christina Dickerson,277-74-3670,"376 Sean Forest
Vincentchester, VT 74460",Y,miles
203,John Wood,760-85-8005,"981 Drake Corner Apt. 397
Adamsburgh, ND 51259",N,hours
204,Hannah Torres,538-75-2669,"4382 Campos Village Apt. 100
Kimberlystad, PR 65221",N,miles
205,Alicia Anderson,445-47-3916,"7537 Michael Field
South Brittneyview, CT 75162",Y,miles
206,Kristine Lee,098-62-2460,"Unit 6304 Box 8745
DPO AA 14389",Y,miles
207,Jamie Pitts,617-26-3823,"PSC 7437, Box 2748
APO AE 21163",N,miles
208,Mary James,081-96-3748,"56032 Kerry Common
Loganland, LA 82879",Y,hours
209,Dana Harris,279-38-4299,"842 Janice Trail Apt. 579
Parkerton, CT 04323",N,miles
210,Lindsey Holt,542-65-8865,"5466 Atkinson Dale Suite 261
Davilashire, IA 45183",N,miles
211,Shawn Gonzalez,067-30-7498,"008 Rose Circles
Port Ninahaven, KY 34326",Y,hours
212,Betty Fitzgerald,546-33-6606,"129 Craig Lodge Suite 583
Port Karen, OH 64126",Y,hours
213,Jay Owens,761-51-7613,"467 Eric Island
Johnborough, CO 52034",N,hours
214,Michael Ball,317-50-0345,"7525 Whitney Courts Suite 638
North Wendyborough, CO 30328",N,hours
215,Nicole Wilson,550-08-9757,"5561 William Fort Suite 148
Lake Jordan, AS 98981",Y,miles
216,Robert Miller,310-74-4727,"702 Henry Ways
Floresville, MT 76689",N,miles
217,Robert Bolton,471-11-9244,"998 Carlos Falls Apt. 720
Ayersmouth, MA 38875",Y,hours
218,Angela Anderson,892-01-8880,"199 Jennifer Islands Apt. 931
Allisonburgh, CT 11615",N,hours
219,Franklin Burton PhD,337-83-2202,"152 Massey Cliff Apt. 966
Lake Denise, IA 06716",Y,miles
220,Sabrina Simmons,287-71-0550,"53745 Boyer Lakes
Monroetown, PR 39326",Y,miles
221,Cameron Smith,708-95-1931,"41199 Michael Tunnel
Lake Natashashire, KY 09929",N,miles
222,Jimmy Tyler,218-67-5989,"8205 Gwendolyn Plains Apt. 033
Elaineborough, KS 93697",Y,miles
223,Deanna Johnston,064-60-6324,"074 Clinton Stravenue Suite 224
Gonzalezview, DE 63682",N,hours
224,Lisa Mckinney,327-38-8998,"USCGC Fuller
FPO AP 26313",Y,miles
225,Sarah Grant,458-23-8351,"5698 Carter Coves
Andrewtown, NV 46310",N,hours
226,Christine Townsend,776-49-8992,"5844 Mullen Hollow Suite 125
Paulburgh, PR 66896",Y,hours
227,Nathan Mueller,442-85-3369,"8136 Jonathan Via
Garciamouth, FM 51301",N,miles
228,Donald Robinson,379-17-5320,"1056 Arias Squares Apt. 671
Lake Stacy, KY 22160",Y,hours
229,Melanie Hatfield,064-68-6619,"319 Nixon Mountains
New Markshire, MA 20501",Y,hours
230,Edwin Landry,816-64-9170,"2280 George Shoal
West Samanthatown, PA 12359",N,miles
231,Frank Harris,569-69-5181,"472 Joshua Plaza Suite 323
New Heather, NC 52990",Y,hours
232,Theresa Cox,340-25-8224,"72614 Martin Avenue
West Randall, AS 91365",Y,miles
233,Robert Boyle,616-28-9611,"842 Simpson Plaza Apt. 881
Port Autumn, RI 76457",Y,hours
234,Michael Curtis,712-78-8562,"28770 Patel Extensions
Brandonchester, LA 12714",Y,miles
235,Matthew Gray,140-44-8638,"16278 Daniel Valleys Suite 086
New Sharon, MT 84655",Y,miles
236,Brittany Erickson,235-42-3221,"322 Evans Expressway Apt. 178
Port Sean, WA 26383",N,hours
237,Dale Johnson,734-64-2078,"2624 Aaron Pike
Ramirezview, MP 78932",N,hours
238,Henry Harrington,078-04-0217,"39357 Jody Flat
Jessicafort, OH 34486",Y,miles
239,Gabriela Reyes,859-59-4623,"86823 Misty Causeway Suite 224
Sabrinafurt, CO 49986",N,hours
240,Aaron Fernandez,478-94-8450,"6103 Daniel Knoll Suite 901
Hollymouth, FM 79772",N,hours
241,Tina Jones,766-94-6275,"657 Mcfarland Mountain Suite 325
East Emilyborough, KS 63686",Y,miles
242,Katherine Griffith,413-45-7494,"200 Lee Rapids
South Brittanyborough, GU 23540",Y,hours
243,Steven Hunter,854-61-9860,"977 Joseph Glen
Millerbury, NE 61985",Y,hours
244,John Chavez,863-33-5131,"0597 Ramirez Ramp
Donaldside, PW 70703",Y,hours
245,Lisa Wright,648-15-2834,"18050 Johnson Cove
Chavezhaven, NC 61618",Y,hours
246,Christopher Sanchez,626-39-6649,"38950 Waller Place
Port Guyland, NV 49195",N,miles
247,Scott Smith,627-47-7157,"USCGC Mitchell
FPO AA 32811",Y,miles
248,Joel Espinoza,817-73-6382,"69644 Ryan Square
Stacyside, FM 69033",N,miles
249,Travis Acevedo,562-43-7948,"665 Harris Walk
Lisaville, KY 02292",N,miles
250,Diane Herrera,510-62-3759,"62309 Sosa Plain
Ricehaven, ID 56625",Y,miles
251,Brian Wallace,068-56-6542,"22020 Andrew Knolls Apt. 871
Edwardview, PW 27754",N,miles
252,Laura Wilson,685-23-9573,"281 Michelle Row
Michaelmouth, MA 55334",Y,miles
253,Alexander Brooks,091-32-9357,"810 Dakota Cliff Apt. 697
Hopkinsfort, HI 60128",N,hours
254,Pamela Cook,715-72-0336,"66051 Kelley Squares
South Paige, VA 43628",N,miles
255,Diane Holt,188-73-0311,"148 Lewis Port
East Lisa, MO 56240",Y,miles
256,Kimberly Murphy,300-15-3092,"68483 Rodriguez Stream Apt. 715
New Gina, MH 17068",N,hours
257,Justin Hill,494-28-0660,"6297 Karen Circles
Lake Jennifer, MO 17714",Y,hours
258,Laura Lee,570-16-9433,"607 Jon Burgs Apt. 571
Chaveztown, HI 54209",Y,hours
259,Darrell Rodriguez,767-66-6628,"7988 Johnson Crest
Joannaton, IA 68710",N,miles
260,Cassie Bell,517-77-9046,"9288 Bailey Square Suite 709
Nathanielland, MH 01614",Y,miles
261,Terri Skinner,378-56-1030,"3129 Finley Cliffs
New John, CO 93795",N,hours
262,Dana King,832-76-1655,"406 Ramirez Curve
Robertton, VA 08657",Y,hours
263,Richard Smith,428-98-5519,"23056 Whitney Plain
Brownchester, IA 91684",N,hours
264,Stephanie Smith,457-15-1163,"62000 Felicia Estate Apt. 352
Lake Jessicastad, VA 72146",N,hours
265,Eric Johnson,384-10-2469,"660 Maldonado Fords Apt. 837
East Amandafurt, PR 30959",N,hours
266,Lisa Harris,395-12-5678,"99988 Miller Lights Suite 767
Martinezshire, MP 47779",Y,hours
267,Stephanie Harvey,112-71-8376,"7938 Pamela Lodge
New Joanna, SD 77504",Y,miles
268,Rachel Gonzalez,144-33-7703,"7867 Zavala Lakes
Port Brianfurt, IA 30326",N,hours
269,Rodney Barrett,537-10-5295,"83315 Debra Tunnel
Jeremyhaven, CA 55598",Y,hours
270,Kimberly Jones,820-78-7397,"377 Jeffrey Centers
Ericbury, TX 87532",Y,hours
271,Jacob Allen,041-11-0100,"8227 Diana Expressway
North Michaelbury, HI 07586",Y,miles
272,Danielle Barrera,603-56-8387,"Unit 1419 Box 8332
DPO AA 66620",N,hours
273,Ryan Vargas MD,379-09-0735,"4505 Donna Points
Taylormouth, NJ 26005",Y,miles
274,William Mason,551-10-9165,"514 Mendez Gardens Suite 232
Smithview, MP 48252",Y,miles
275,Grant Moore,038-86-4109,"6010 Mike Valley Suite 537
Port Emilyhaven, UT 46805",Y,miles
276,Michael Espinoza,229-31-5511,"02715 Steele Drive
Matthewside, VI 26515",N,hours
277,Angela Collins,789-16-5892,"424 Johnson Manor Apt. 379
Blakemouth, FM 09624",N,miles
278,Cynthia Day,149-66-8837,"PSC 8249, Box 6847
APO AE 37641",N,hours
279,Lisa Cox,187-11-9089,"619 Krueger Club Suite 802
Sheppardton, NH 38187",Y,miles
280,Gary Gilbert,545-84-7130,"10839 Jonathan Trafficway Apt. 007
Phillipsfurt, WI 76567",Y,miles
281,Diana Bennett,309-82-0396,"7417 Johnson Courts
Lake Robert, KY 50253",Y,hours
282,Amanda Chapman,461-83-5509,"05401 Washington Park Apt. 029
Davisview, FM 09364",N,miles
283,Christina Watts,778-61-0144,"PSC 0586, Box 5009
APO AP 50821",Y,hours
284,Valerie Nelson,771-24-4517,"416 John Divide Apt. 183
West Arthur, WA 20432",N,miles
285,Daniel Matthews,325-11-5734,"6107 Justin Extensions Apt. 941
East Dorothy, CT 08901",Y,miles
286,Larry Deleon,550-25-2802,"95252 Brandt Dam Suite 265
Sheilaport, WV 85576",Y,miles
287,Mary Bennett,460-29-1926,"93011 Stark Trail Suite 421
West Angelashire, CT 74454",N,miles
288,Denise Bautista,388-55-8569,"535 Sarah Trace Suite 993
New Christophershire, VI 45920",N,miles
289,Brandon Turner,605-11-3069,"881 Williams Pike
Lake Ashley, NJ 41682",Y,miles
290,Robin Brown,283-21-7115,"361 Hudson Lodge Apt. 816
West Angelmouth, AZ 50918",N,hours
291,Joe Gonzalez,071-60-6730,"860 Amy Cliff Suite 713
Simpsonfort, UT 15949",N,miles
292,Amanda Murphy,141-54-0109,"881 Cynthia Knoll Suite 759
East Jessica, MP 13315",N,hours
293,David Howard,640-29-0190,"USNV Obrien
FPO AA 77170",N,hours
294,Jesus Wolf,659-03-1498,"354 Phillips Extensions
Austinchester, VA 17635",Y,miles
295,Jaime Evans,453-22-1698,"0969 Anthony Branch Suite 791
Annettefurt, MP 70729",N,miles
296,Amanda Mccullough,276-53-7932,"6882 Shane Extensions Apt. 847
Ruizmouth, ME 85532",N,miles
297,Timothy Gordon,289-50-2310,"2533 Pena Village
Port Colin, IL 75336",Y,miles
298,Gary Wilson,097-77-7044,"5790 Smith Trafficway
Joseborough, OH 10594",Y,miles
299,Julie Davis,262-95-7750,"Unit 2758 Box 9040
DPO AP 27521",Y,miles
300,Jessica Rogers,464-43-5546,"2498 Medina Trail Apt. 362
New Thomas, KS 30799",N,miles
301,Nicholas Morris,135-33-7900,"3138 Robert Circles
North Shannonburgh, VI 57219",Y,hours
302,Anthony Wagner,676-80-2807,"Unit 4444 Box 6196
DPO AP 49396",N,hours
303,Victoria Rodriguez,501-45-4589,"4215 Schmitt Turnpike Apt. 779
Ruizmouth, SD 29721",N,hours
304,Stephanie Thomas,735-55-1299,"524 Lam Crescent
North Janet, KY 58876",Y,miles
305,Sean Scott,746-47-5471,"29571 Andersen Square Suite 657
Jacquelinetown, PA 87519",Y,miles
306,Michael Jordan,059-55-2862,"8787 Brandon Court
North Nathan, VA 12532",Y,miles
307,James Riley,230-64-3964,"91051 Cooley Locks
South Richardville, NM 36700",N,hours
308,Ashley Davis,123-26-7963,"134 Blair Point
North Matthewside, FL 82678",Y,miles
309,Kimberly West,669-80-4572,"799 Yvette Locks Suite 940
Danielleburgh, AR 77063",Y,miles
310,Joshua Rogers,040-07-1443,"95662 Williams Highway
North Andrea, DC 35407",Y,hours
311,Rachel Perez,671-01-3861,"239 Ashley Roads
Susanton, VI 46521",N,miles
312,Andrew Anderson,714-30-0246,"7560 Martinez Walk Apt. 771
Tammystad, VT 18221",N,miles
313,Kenneth Lawrence,837-99-6847,"8404 Castro Track
Oconnellport, OK 65328",Y,hours
314,Brittany Gray,103-14-9232,"91182 Henson Track
Port Michael, OK 87851",Y,miles
315,Chase Melendez,004-55-2592,"32653 Maxwell Fork Apt. 661
East Colinfort, NH 62671",N,miles
316,David Jensen,304-77-6571,"52242 Steve Tunnel Suite 835
Garzaside, CA 08348",Y,miles
317,Cory Bass,726-21-6350,"234 Kelsey Lakes
Gracefurt, SD 28794",N,miles
318,Paul Robinson,838-78-8115,"7831 Johnston Ways Suite 216
Williamshaven, HI 38913",N,miles
319,Janice Bailey MD,539-22-0844,"0315 Jennifer Points
East Sarah, MN 96923",N,miles
320,Jesus Powell,464-58-1845,"7144 Jessica Brooks
Phillipsstad, AZ 34796",Y,hours
321,Christopher Mathews,087-34-6594,"54023 Carter Mews
Raymouth, NC 54637",N,hours
322,Kevin Hughes,864-02-0959,"82198 Vaughn Crossing
South Jenniferville, GA 66664",Y,hours
323,Kelly Robinson,469-04-0654,"377 Leonard Roads Suite 863
Nicholasfurt, NE 49354",Y,hours
324,John Colon,545-23-8930,"210 Katherine Highway Apt. 164
Jenniferstad, RI 60575",N,hours
325,Hayley Cantu,292-63-6808,"986 Myers Mill Apt. 324
New Jeannehaven, TN 57373",N,hours
326,Gary Gonzalez,573-65-8216,"38764 Diane Lake
East Peterburgh, WY 04201",Y,miles
327,Jenny Cooper,402-22-3445,"17698 Wright Squares
Lambertside, AR 58563",Y,hours
328,Allison Wagner,174-82-4309,"635 Ingram Lake Suite 979
Ochoaburgh, DE 05759",Y,hours
329,Jennifer Scott,808-41-2220,"24436 Gray Manor
Lake Nathanport, IA 05079",N,hours
330,Tabitha Ross,591-96-0487,"8817 Amber Coves
Port Kaitlyn, VI 25888",N,hours
331,Alexandria Hall,597-10-1782,"9852 Jordan Roads Suite 900
Skinnerfurt, AK 58106",Y,miles
332,Dr. Jeremy Lyons III,479-79-2343,"57873 Oliver Centers
East Deniseshire, WA 61435",N,hours
333,Ashley Jacobson,465-99-9296,"6947 Bobby Station Apt. 566
Fernandoland, WA 22402",N,hours
334,Jeffery Taylor,838-35-2967,"Unit 8699 Box 5667
DPO AP 09579",Y,hours
335,Kendra Vasquez DVM,107-89-4333,"0148 Brown Roads Apt. 004
Lake Gregoryfurt, MH 22985",N,hours
336,Steven Quinn,356-22-4625,"0939 Tracey Greens
Port Danielport, ID 12237",Y,hours
337,Lisa Mendoza,291-95-6443,"475 Joseph Fields
Jimmybury, MI 51331",N,hours
338,Allison Estrada,177-57-6368,"848 John Common Suite 963
Lukehaven, NY 56994",Y,miles
339,Rhonda Miller,714-13-4073,"62150 Michele Cliff Suite 895
Delgadoborough, OH 74661",Y,miles
340,Melissa Roberson,446-65-6723,"64076 Miller Summit
Kimville, CA 37869",N,hours
341,David Meyer,546-06-9999,"8179 Timothy Knolls
Lindastad, PR 67638",Y,miles
342,Bryan Carter,528-61-9970,"1093 Lauren Junctions
Burnsshire, DC 48779",N,miles
343,Mark Peterson,888-06-6146,"2105 Brian Radial
Meaganstad, VT 23148",Y,hours
344,Stephanie Vasquez,696-49-5029,"Unit 5828 Box 0774
DPO AE 02042",Y,miles
345,Carlos Garcia,799-73-8989,"305 Nicholas Mission Suite 351
Bowenchester, NV 87379",Y,miles
346,Ricardo Matthews,011-60-1670,"233 Hernandez Junctions Apt. 642
Romanville, CA 94415",N,miles
347,Elizabeth Perry,063-99-8862,"93213 Chelsea Extensions Apt. 207
West Austinhaven, MS 27189",N,miles
348,Wanda Carter,268-73-9169,"704 Julie Lodge
East Ryan, IL 30318",Y,hours
349,Colin Jones,159-73-3954,"3724 Avila Glen
Weavermouth, WV 96092",Y,hours
350,Deanna Snyder,434-03-4090,"PSC 5448, Box 8653
APO AA 64907",N,hours
351,Donald Mclaughlin,239-88-5031,"768 Damon Center Apt. 963
New Wesleyburgh, DE 05795",N,hours
352,Brenda Velazquez,503-15-4067,"USS Lopez
FPO AP 75583",Y,miles
353,Paula Marshall,643-98-1895,"65294 Christopher Hill
Alvarezstad, IA 69387",Y,miles
354,Sandra Gonzalez,387-17-0471,"888 Wesley Views
South Jennifer, AZ 94970",Y,hours
355,Billy Phillips,147-82-2191,"16665 Sherri Lake Suite 744
Robertchester, WI 78701",N,hours
356,Michelle Harris,037-11-4628,"8160 Glenn Via Suite 780
North Katherineburgh, AL 14101",Y,miles
357,Matthew Hamilton,233-96-0008,"3439 Leslie Ford
Rachelshire, AK 75305",Y,miles
358,Joseph Mitchell,267-05-1956,"2842 Rebecca Parkway
North Garyport, OH 82299",Y,miles
359,Richard Potter,455-20-2241,"2253 King Walk Apt. 480
Joneschester, MA 86079",N,miles
360,Crystal Dixon,487-17-0816,"6369 Amy Port Suite 029
Rickton, IL 85008",Y,hours
361,Dustin Williamson,367-40-2074,"06886 Dana Parkway
Castillomouth, MI 08762",Y,miles
362,Robert Meyer,607-79-3415,"123 Ellis Stravenue
Jeffreyburgh, CT 71661",Y,miles
363,Brandon Baker,628-18-0214,"06338 Bonnie Creek
Michaelhaven, OR 65769",N,miles
364,David Griffith,414-95-0400,"41594 Corey Curve Suite 384
East Alexandermouth, MA 25836",Y,miles
365,Donald Sandoval,102-92-4151,"20040 Emily Wells Suite 929
Novaktown, MH 20001",N,miles
366,Kaylee Woods,168-98-5701,"61319 Alicia Plain
South Allenmouth, HI 60538",N,hours
367,Taylor Miller,542-79-9362,"121 Harris Green Suite 395
Lake Peggyfurt, MP 34257",Y,miles
368,Kevin Mills,231-11-8235,"80894 Jocelyn Ridge
Alexandrafurt, KS 70607",Y,miles
369,Madison Fuller,711-29-5884,"0186 Estrada Drive
New Charles, AS 19041",Y,hours
370,Tiffany Simmons,197-26-6955,"9375 Angela Corners
South Kevinview, NH 68411",N,miles
371,Robert Li,350-68-1498,"710 Oconnor Parkways Apt. 814
Michaelland, CT 27451",Y,hours
372,Terri Martinez,727-27-0591,"850 Richardson Rapid
Birdburgh, NJ 28743",N,miles
373,Sherri Riggs,205-95-0289,"29245 Justin Stream Apt. 194
Lambertview, GA 35515",N,hours
374,Jennifer Lewis,547-28-8036,"34198 Leach Forges Apt. 886
Audreystad, ND 36619",N,miles
375,Cynthia Villa,377-25-8986,"19601 Powers Neck Apt. 739
Heathershire, NE 13373",N,miles
376,Nancy Romero,520-44-4994,"651 Hernandez Passage
Taylorbury, CA 53442",N,hours
377,Charles Mitchell,677-94-3276,"0246 Brady Pine Suite 827
West Ralph, IL 75794",Y,miles
378,April Rios,062-89-7820,"2832 Barnett Spurs Apt. 906
Katherinetown, IA 14060",N,hours
379,Todd Gentry,198-58-7765,"3798 Thompson Squares Suite 525
New Robertmouth, ID 36963",N,hours
380,Jacob Rodriguez,214-37-9230,"39473 John Mission
West Michelle, GA 70095",N,miles
381,Diana Dunn,247-28-5927,"5150 Kathryn Trafficway Suite 455
Port Michael, HI 15903",N,miles
382,Heather Terry,192-30-3204,"7564 Melissa Burg Apt. 924
Salinasbury, KS 41927",N,miles
383,Theresa Crane,852-65-9007,"15972 Kimberly Throughway Suite 708
New Dana, NM 30788",Y,hours
384,Cheyenne Smith,655-89-2783,"8093 John Wall
Boydfort, AS 30045",Y,hours
385,Jennifer Martin,681-29-0269,"51525 Keith Ville
Port Jason, AR 90425",N,miles
386,Alicia Erickson,269-84-1432,"7351 Hoffman Port Apt. 096
Jeffreyhaven, TX 80788",Y,miles
387,Daniel Rosario,211-17-0094,"389 Brenda Ramp Apt. 417
South Christine, CT 66881",Y,miles
388,Ashley White,657-13-2637,"6153 Kevin Station Suite 946
Brownchester, MI 82434",Y,hours
389,Marcus Carter,843-69-3044,"3608 Shepherd Expressway
North Robert, OK 76892",Y,miles
390,Andrew Cruz,609-47-9872,"PSC 7576, Box 8753
APO AP 01990",N,hours
391,Jerry Delgado,163-51-0400,"298 Sherri Junction Apt. 849
East Matthew, MP 20255",Y,hours
392,Gary Rogers,169-78-7484,"USNV Coleman
FPO AP 35497",Y,miles
393,Amanda Bennett,562-75-8397,"627 Susan Park Suite 968
Mcdonaldhaven, WA 75862",Y,hours
394,Jonathan Turner,303-66-6206,"471 Wagner Common Suite 001
New Christinaville, WI 35432",Y,miles
395,Cheyenne Carpenter,564-34-3601,"56274 Kevin Light Apt. 197
West Matthew, NV 02866",Y,hours
396,Joseph Bullock,431-16-5510,"999 Gilbert Trace
Johnland, AZ 26277",Y,hours
397,Sarah Berg,047-44-1292,"20004 Neal Flats
North Angelatown, VA 18391",N,hours
398,Joseph Diaz,454-57-1712,"421 Burke Forges
Thomasfurt, PA 23649",Y,hours
399,Daniel Ferrell,329-97-8879,"47319 Edwards Crossing Apt. 757
West Kimberly, AL 75618",N,hours
400,Lindsay Brown,745-60-3100,"55656 Amanda Walks
Jeffreyborough, AS 25451",N,miles
401,Mr. Maxwell Davis,342-90-8400,"30898 Clayton Inlet
East Gina, OK 16564",Y,miles
402,Jason Ramirez,306-18-7393,"24739 Mccarty Via Suite 678
Sabrinatown, WA 17503",Y,hours
403,Darlene Melendez,470-35-8549,"6159 Thompson Mountains Suite 551
North Isaiahshire, DE 61485",N,miles
404,Ernest Young Jr.,566-26-7563,"0286 Alexis Ports Suite 354
New Nina, NY 38806",Y,miles
405,Jennifer Bradley,385-86-4813,"410 Steven Hill Apt. 664
Marshalltown, IL 27967",N,hours
406,Jacob Miller,048-94-1567,"5111 Stewart Wells
Boyerborough, NC 90869",Y,miles
407,Shannon Rubio,717-50-5868,"650 Lisa Fort
Mitchellton, KY 94401",Y,hours
408,Anthony Kim,279-37-4892,"25329 Vaughn Motorway Apt. 003
Smithchester, MH 82375",Y,hours
409,Katrina Lewis,841-45-7050,"4329 Diana Rapids Apt. 542
New Donnaland, MN 74351",N,miles
410,Elizabeth Sims,088-02-3971,"2721 Smith Ville
Christymouth, PR 09405",N,miles
411,Alexa Scott,603-87-5718,"5168 Allen Roads
Kennedyland, ND 77252",N,miles
412,Thomas Fuller,455-49-8014,"521 Gina Street Apt. 004
Meltonstad, MD 52795",N,hours
413,Donna Barron,073-74-0703,"6140 Clark Square Apt. 954
Clarkeberg, MP 04236",Y,hours
414,James Roy,182-05-4730,"344 Hunter Via Apt. 883
Randolphborough, TN 15510",N,hours
415,Donald Guzman,512-48-0923,"71073 Zachary Squares Apt. 713
Colestad, NC 31826",N,miles
416,Lorraine Hudson,682-61-6187,"Unit 1624 Box 1744
DPO AE 69260",Y,hours
417,Chloe Pierce,181-45-5934,"1581 Joyce Underpass Suite 259
Meyerport, RI 70925",N,miles
418,Warren Gardner,467-66-3038,"76016 Green Path Suite 446
West Richardburgh, TX 32822",Y,miles
419,Kenneth Michael,400-72-7663,"5525 Sergio Way
Millerside, LA 23322",Y,hours
420,Susan Stewart,595-15-3774,"27427 Melissa Summit Suite 149
New Diane, MS 48349",Y,hours
421,Andrew Park,423-95-9132,"992 Ochoa Ridge
Millerberg, NC 55466",N,hours
422,Shirley Wright,587-46-2783,"298 Wagner Spur
South Jeremy, DE 08125",N,hours
423,David Fitzpatrick,557-25-5120,"428 Justin Tunnel
Melissahaven, IL 74691",Y,miles
424,Bryan Hess,526-49-3955,"451 Jose Manors
Oliviaview, IA 69103",N,miles
425,Dale Taylor,613-33-9921,"PSC 7058, Box 3000
APO AE 10745",Y,miles
426,Ryan Wolf,887-49-6454,"5840 Mathews Estates Suite 122
New Margaret, DE 38070",Y,miles
427,Michael Roberts,060-46-0447,"32221 Tammy Falls
South Amyberg, IN 11464",N,miles
428,Michael White,620-67-2929,"USNV Ramirez
FPO AP 04556",Y,miles
429,Susan Evans,271-03-9942,"838 Kevin Highway Apt. 628
South Heatherfurt, ND 49827",N,hours
430,Chad Patel,152-69-7210,"0709 Richard Plain Suite 225
North Catherine, AS 63006",N,miles
431,David Myers,095-02-8242,"91792 Caroline Ville
Sheaview, PR 60075",Y,miles
432,Robert Hale,877-17-4320,"USNV Solomon
FPO AA 76970",Y,hours
433,Timothy Wang,392-18-2474,"318 Stephanie Unions
Luiston, WV 23128",N,miles
434,Sarah Parsons,129-29-7333,"93532 Walter Walks
North Laurahaven, VA 02051",Y,miles
435,Caroline Brown,026-33-1039,"087 Karen Estates
Steventown, CT 63384",Y,miles
436,Richard Love,893-73-5678,"537 Russell Highway Apt. 735
Campbellchester, DE 86288",Y,miles
437,Jacob Simpson,344-35-5827,"3083 Ashley Rest
Port Phillip, GA 27555",N,hours
438,Brian Bartlett,137-42-3480,"401 Smith Shore Apt. 377
Kaufmanmouth, NJ 88506",Y,hours
439,Lisa Evans,744-18-4548,"15434 Claudia Pass
North Rachel, WY 41244",N,miles
440,Anna Vaughn,070-40-1742,"41847 Jeffrey Hills
Lake Marieborough, NV 79310",Y,miles
441,Alejandro Henry,577-13-0137,"25699 Potter Square Suite 823
Morrisonberg, MI 66102",N,miles
442,Tanya Meyers,411-47-4027,"30013 Blake Bypass
Port Tiffany, ME 66185",N,hours
443,Barbara Caldwell,754-28-8125,"56836 Trevor Mall Suite 574
West Deanna, LA 32908",Y,miles
444,Shannon Hickman,322-81-5889,"61010 Smith Fort Suite 732
South Rebekah, VA 60293",Y,miles
445,Michael Martin,185-70-3016,"343 Rachel Tunnel
Glendastad, CO 95562",Y,hours
446,Taylor Harris,334-22-3859,"0300 Anne Junctions
Richardsontown, MA 30286",Y,hours
447,Erika Lee,502-19-7374,"Unit 5569 Box 0286
DPO AP 35571",N,miles
448,Daniel Santana,799-70-9764,"6163 Kenneth Junction Suite 021
Lake Molly, WI 66731",N,hours
449,Dennis Moore,007-91-9023,"73429 Pam Grove Apt. 052
Wilsonborough, KY 26703",Y,miles
450,Stacey Espinoza,105-51-5757,"USS Nichols
FPO AA 10635",Y,hours
451,Dustin Thomas,370-35-8340,"79531 Patricia Drives Apt. 551
Guerreroport, IN 98407",Y,hours
452,Randy Baird,573-31-2043,"44767 Edwards Points Apt. 323
West Brianview, PA 95250",Y,miles
453,Cody Mitchell,673-36-6616,"945 Karen Islands Suite 738
East Brookeville, CT 65906",Y,miles
454,David Graham,471-64-1152,"94036 Susan Light Suite 803
Scottview, MS 92019",N,miles
455,Daniel Alexander,126-17-6589,"5118 Garcia Forge Suite 115
Port Diane, NH 88554",Y,hours
456,Andrew Clark,855-72-8890,"331 Jeffrey Landing
Kelleyport, ME 42545",N,miles
457,Travis Martin,107-77-6624,"10770 Ramirez Port Apt. 833
New Vanessa, SC 47515",N,miles
458,Deanna Hartman,305-05-5680,"164 Valerie Manors
Coleville, NE 60820",N,miles
459,Sandra Miles DDS,706-86-7712,"723 Cynthia Well Apt. 392
North Codyburgh, NH 42019",Y,hours
460,Melissa Schmidt,297-97-9725,"166 Robert Glens Suite 227
North Dawn, MH 01032",Y,miles
461,Jose Nelson,735-56-1509,"310 Vega Walks Suite 896
Michaelchester, IL 77190",N,hours
462,Michael Barker,507-14-3981,"84908 Cherry Ways Suite 013
Kathymouth, ME 00530",Y,hours
463,Megan Becker,449-76-1650,"653 Chad Turnpike
Newmanmouth, GU 13195",Y,miles
464,Dawn Griffin,561-92-6649,"01368 Bautista Orchard Suite 479
Griffithborough, GA 42641",N,hours
465,Ashley Johnson,066-08-2684,"4788 Mccarthy Knolls Suite 368
Lake Michael, VA 13008",Y,miles
466,Robert Osborne,439-58-9951,"066 Rhonda Locks Apt. 978
Thompsonshire, OR 51280",N,miles
467,Ryan Baker,711-08-1529,"70151 Brenda Cove
Faithburgh, NY 85297",N,hours
468,Brittany Burton MD,613-65-3621,"808 Patrick Center Suite 550
South Philip, ME 59184",N,miles
469,John Wells,328-89-5845,"191 Shannon Grove
East Mariehaven, NY 78080",N,hours
470,Johnny Walker,424-41-8652,"83252 Carlos Spur
Brendamouth, MN 11771",N,hours
471,William Randall,588-82-6141,"9021 Michael Pike
New Stephanie, WY 46976",N,hours
472,Kathryn Campbell,851-82-1437,"61358 Michael Underpass Apt. 212
Barbarachester, UT 07529",Y,miles
473,Emily Jones,216-80-8022,"00449 Brandon Glens Apt. 865
Walkermouth, IL 71134",N,hours
474,Andre Morgan,418-39-1988,"Unit 3674 Box 0440
DPO AP 30470",Y,miles
475,Ryan Wilson,118-19-0456,"0775 Lawson Isle Suite 668
Josephmouth, CT 05163",N,miles
476,Ruth Hayes,720-80-8380,"3976 Mitchell Passage
North Seanport, NC 09847",N,hours
477,Henry Robbins,592-14-0051,"834 Ryan Corners Apt. 122
Patrickchester, WY 78261",N,miles
478,George Long,325-34-2541,"101 James Cape Apt. 541
Lake Julie, AL 44694",Y,miles
479,Lee Spence,835-26-5096,"299 Novak Points Apt. 476
Haleymouth, MO 18053",N,hours
480,Steve Vincent,843-65-4606,"21962 Keith Forks
East Shelby, NV 63573",Y,hours
481,Megan Ware,037-80-7387,"3937 Smith Fields Suite 446
South Jessica, MT 20082",N,miles
482,Heather Carney,673-77-8527,"866 Brittany Mission
East Amanda, MD 14559",Y,hours
483,Alicia Hines,802-61-0959,"23134 Johnson Viaduct
Laurietown, MN 11882",N,miles
484,Tiffany Hanna,226-36-4598,"21027 Bell Cove
New Loritown, ME 93831",Y,hours
485,Dennis Henry,343-41-9383,"205 Mary Keys
Nataliechester, NY 50091",N,miles
486,Amy Sheppard,267-20-0777,"711 John Mission
West Josetown, IA 58068",N,hours
487,Casey Martin,589-88-8715,"USNS Sexton
FPO AE 32173",Y,hours
488,Daniel Bruce,841-01-9887,"78389 Jones Prairie Suite 110
Coxchester, NJ 47182",Y,miles
489,Casey Dean,724-40-1186,"Unit 6039 Box 1795
DPO AE 46908",N,hours
490,Christine Stone,077-97-9957,"294 Salazar Street
Bishopmouth, ME 57146",Y,hours
491,Samantha Walls,473-17-5577,"5852 Curtis Light
Port Audreymouth, DE 32058",Y,miles
492,Kaylee Dorsey,719-74-5874,"264 Harris View Apt. 957
South Carriefurt, AK 04043",N,hours
493,Craig Grant,078-33-1916,"16777 Fox Plains
New Coltonmouth, PW 57203",Y,hours
494,Joseph Ruiz,303-88-0137,"402 Pena Ville Apt. 336
South Jeffreyhaven, NH 09142",Y,miles
495,Eric Carpenter,448-32-4403,"27448 William Route
Lake Johnshire, NY 91573",N,miles
496,Amanda Chase,730-39-3890,"261 Stephanie Centers
Lucasview, AZ 07511",Y,hours
497,Sheila Bowman,164-38-9564,"199 Jessica Locks
Lake Ruthfort, PR 40300",Y,miles
498,Max Walsh,439-15-0695,"12896 Nancy Views Suite 378
New Spencerbury, MH 71123",N,miles
499,George Turner,069-78-1307,"97419 Joshua Gardens
Geraldchester, OK 03318",Y,miles
500,Annette Sanchez,198-70-9548,"2072 Rachel Plains
Heatherburgh, MH 88177",N,miles
501,Brian Stone,525-31-0557,"3428 Mullen Corners Suite 027
New Ericfurt, UT 79377",Y,hours
502,Karen Roberts,271-61-6465,"3941 Glenn Divide
Patelton, SD 01811",N,hours
503,Steven Wilcox,275-14-3670,"10080 Peters Mountains
Monicahaven, MD 17053",Y,hours
504,Emily Davis,769-45-9035,"314 Curtis Walks Apt. 284
Staffordview, WY 94750",N,hours
505,Russell Baldwin,402-93-2927,"Unit 8633 Box 3613
DPO AP 30451",Y,hours
506,James West,450-43-0168,"380 Baker Pike Suite 479
New Lauren, DE 99126",N,miles
507,Charles Boyd,533-25-7203,"296 Holmes Brooks Apt. 101
Thomaston, ID 67304",Y,hours
508,Miss Melissa Wilson,132-49-3964,"736 Mercado Fork Apt. 663
Gillmouth, VA 70806",N,hours
509,Randy Weeks,599-68-8642,"497 Griffith Ramp Apt. 034
New Deniseview, IA 31248",Y,miles
510,Linda Williams,796-81-2718,"782 Stokes Pike Suite 564
South Evanland, AZ 85639",Y,hours
511,Kerri Carlson,776-52-6715,"78029 Brandon Dale
New Darius, NE 39683",N,hours
512,William Herrera,586-15-3191,"7117 Michael Pass Suite 175
Jonathanland, PA 99048",Y,miles
513,Joseph Moody,050-51-0437,"4132 Allen Tunnel
East Katherinechester, NE 85097",N,miles
514,Holly Miller,708-62-8665,"7895 David Vista Apt. 869
North Sherri, VT 57380",Y,miles
515,William Garcia,555-67-9275,"000 Diana Land
Port Timothy, NE 36382",N,miles
516,Mrs. Laura Brown,865-86-7061,"98600 Kane Extension Apt. 765
North Jonathanfurt, MO 22239",N,hours
517,Roberto Griffith,110-76-7994,"883 Gordon Rapid Apt. 599
Port Jasmineberg, PR 20479",N,miles
518,Emily Brown,606-52-5314,"6579 Graham Crest Apt. 242
South Melissa, NV 85852",N,hours
519,Gail Bell,139-89-1251,"670 Day Green
Lake Jamesmouth, AL 94946",N,miles
520,Colin Curtis,298-43-3373,"58072 Mckee Course
South Ericborough, AZ 82754",N,hours
521,Laura Gray,115-44-5055,"776 Brown Summit Suite 197
Lake Jerry, AZ 66784",Y,miles
522,Bradley Allen,399-25-2439,"603 Lynch Mountain Suite 618
Taylormouth, VA 58795",N,miles
523,Kimberly Diaz,551-51-3991,"666 William Valley Apt. 891
New Erikaland, IN 79771",Y,hours
524,Amy Calderon,255-80-3313,"42551 Gonzales Passage
Kentshire, NC 58940",N,miles
525,Eric Cooper,784-32-7498,"945 Catherine Heights
West Lisaburgh, MI 61382",N,miles
526,Tyler Schmidt,076-57-0674,"725 Donald Harbors
Murrayport, OK 47759",Y,miles
527,Kayla Scott,229-02-7820,"025 Christopher Island Apt. 256
Robertborough, OR 08882",Y,miles
528,Ashley Brown,607-07-5769,"74051 Thompson Club Suite 891
Tiffanyburgh, PW 97694",Y,miles
529,Melissa Lopez,367-44-4399,"6293 Acevedo Road
Stephanieburgh, FM 51547",Y,miles
530,Nathan Russell,709-13-9096,"368 Heidi Brooks Apt. 523
Tiffanyton, IL 09119",Y,hours
531,Suzanne Conway,453-71-5528,"7775 Claire Glens Suite 376
West Sandraberg, KY 92851",N,hours
532,Ian Thompson,046-24-9168,"0837 Adrian Motorway
Christineside, PA 45267",N,miles
533,Courtney Bailey,488-62-0002,"280 John Cliffs Apt. 529
Andreamouth, WI 26968",N,hours
534,Kelsey Arellano,163-43-2958,"793 Jodi Lock Apt. 583
New Blakeport, NM 36430",N,hours
535,Christopher Evans,222-95-5902,"342 Carpenter Inlet
Johnhaven, NE 20567",N,miles
536,Charles Stone,876-12-5530,"27022 Catherine Streets Apt. 277
New Ethan, KS 39885",N,hours
537,Kari Smith,433-32-3433,"0128 Ross Centers
West Rachelland, WY 02802",Y,miles
538,Heidi Harper,025-38-8526,"9196 Thomas Shore
New Deannaville, IL 73458",N,miles
539,Tommy Fleming,603-20-4119,"28495 Jennifer Cliffs Apt. 544
Johnside, WA 82049",Y,miles
540,Mary Warner,116-66-0381,"08703 Knapp Dale Apt. 390
North Brandyview, VI 36985",Y,hours
541,Christina Campbell,605-11-8238,"6771 Parker Union
East Meghanfort, LA 06916",N,miles
542,Rhonda Peterson,703-29-3605,"151 Sarah Pine
Lake Frankview, GU 98386",Y,miles
543,Reginald Calderon,194-70-3820,"17812 Bailey Islands
Cooperborough, ME 57102",N,hours
544,Jonathan Johnson,773-57-3441,"3218 Melissa Trafficway
Port Chelsey, LA 80951",Y,hours
545,Melissa Bryant,526-32-5943,"535 Cook Glen Suite 088
South Jaclyn, SD 12304",Y,miles
546,Jennifer Cruz,865-40-1097,"USNV Bowen
FPO AA 25472",N,hours
547,Elizabeth Lynch,436-99-0932,"3319 Miller Estate
Lake Racheltown, TN 51697",N,hours
548,Katherine Newton,299-44-4337,"5403 Green Lodge Apt. 644
Michealchester, NV 48612",Y,hours
549,Linda Jones,622-32-7531,"58357 Kristin Mount
South Sarah, WA 10886",Y,hours
550,Elizabeth Park,287-14-3050,"60387 Miller Crossroad Apt. 010
Port Tiffany, MS 48443",N,miles
551,Eric Mcpherson,380-69-5326,"298 Mack Avenue
Oconnorshire, SC 66962",N,hours
552,Christina Rogers,033-79-0106,"5593 Andrea Wall
Burnettstad, LA 37674",Y,hours
553,Jessica Brewer,643-97-1785,"4049 Jeffrey Highway Suite 091
Smithside, WA 23201",N,hours
554,Lisa King,646-72-8715,"3810 Duncan Roads Apt. 744
Gibbsland, CO 82413",Y,hours
555,Stephen Collins,693-98-5312,"57258 Andrews Bridge Apt. 627
Elizabethland, GA 52909",N,hours
556,Beth Allen,687-69-1897,"262 Frazier Spurs Suite 134
North Victoria, HI 60082",N,miles
557,Margaret Anderson,754-23-8423,"182 Rebecca Spur Apt. 663
Whitemouth, CO 86583",Y,miles
558,Kyle Davis,702-88-5424,"Unit 9652 Box 5965
DPO AE 39532",Y,miles
559,Matthew Harmon,572-25-3452,"343 Mark Stravenue
Lake Racheltown, MI 92247",N,hours
560,Adam Adams,263-91-9614,"USS Stephens
FPO AP 14561",N,miles
561,Jessica Smith,122-13-6107,"27320 Landry Freeway
Annetteton, ID 76141",Y,miles
562,Hannah Ruiz,489-81-1788,"68021 Wright Mill Suite 937
East Shari, CA 95307",N,miles
563,Megan Wheeler,034-68-8678,"721 Davis Parkways Apt. 247
New Robertmouth, PR 97950",N,miles
564,Adam Clark,785-83-7763,"262 Anthony Lodge
Port Jenniferport, MI 13370",N,miles
565,Daniel Johnson,857-86-5415,"971 Petty Mills Apt. 250
Port Tinaport, CT 98128",N,miles
566,Robert Jones,266-42-6751,"8925 Donovan Points Apt. 628
Andersonland, MT 80471",Y,hours
567,Sean Morales,021-99-4810,"824 William Stream Suite 299
Alanport, NV 96981",N,hours
568,Patricia Turner,209-73-8233,"187 Joseph Spur
East Alecburgh, ID 47198",N,miles
569,Jonathan Gordon,847-16-2969,"1190 Ortiz Plaza Suite 849
Katherineside, CO 86703",N,miles
570,Yvonne Marks,429-96-9345,"Unit 3484 Box 0640
DPO AE 67968",Y,hours
571,Anthony Parsons,345-70-4176,"92768 Davila Lodge Apt. 175
Richardsonchester, MS 34502",N,miles
572,Mark Brown,457-87-5609,"941 Reese Glen Suite 103
Edwinburgh, SC 19284",Y,miles
573,Kaylee Stone,582-25-7912,"406 Nicole Coves Apt. 082
West Ryanbury, AR 09184",N,hours
574,Clayton Fernandez,515-27-4266,"300 Miller Plains Suite 142
Martinport, WY 99158",Y,hours
575,Alyssa Thomas,464-54-1684,"481 Nelson Locks
Lake Laurenborough, AS 10578",Y,hours
576,Megan Pierce,358-10-6135,"3346 George Station Suite 837
South Rebecca, NJ 74393",Y,miles
577,Nicole Blake,293-83-2533,"8491 Ryan Center
Lake Pamela, PR 99410",N,hours
578,Jennifer Turner,874-74-3583,"29229 Fowler Island
New Emily, MN 39116",Y,miles
579,James Cuevas,673-95-5121,"59267 Thompson Shoals Suite 135
Lake Eric, MO 54114",Y,hours
580,Misty Mason,761-46-1168,"2930 Brian Light
East Michael, CA 15255",Y,miles
581,Gregory Harding,509-56-7754,"3663 Smith Cape Apt. 423
Robertsonberg, MA 12470",Y,hours
582,Michael Boyer,175-99-2983,"865 Sarah Dale Apt. 789
Gregoryview, FL 14802",N,miles
583,Michelle Berger,538-44-8763,"7794 White Canyon Apt. 062
New Cherylmouth, GU 63895",N,miles
584,David Powell,879-81-0118,"3769 Taylor Ridges
Luiston, WI 68928",N,hours
585,Jennifer Jimenez,719-49-2154,"02302 Russo Cliffs Suite 831
Johnsonchester, GA 33653",N,hours
586,Leah Rodriguez,418-93-0864,"8796 Eric Fort Suite 258
Stephanieburgh, VT 17426",Y,hours
587,Ronald Sutton,136-16-4094,"612 Nicholas Motorway
Port Anna, WV 82743",N,miles
588,Melissa Thomas,799-47-7872,"1414 Estrada Hill Apt. 554
West Joyton, GU 60273",N,miles
589,Sean Watts,818-23-8450,"Unit 4863 Box 1478
DPO AE 76153",Y,miles
590,Samantha Lozano,658-45-9437,"749 Reginald Locks Suite 994
Bushview, RI 38106",Y,hours
591,Karen Farrell,203-59-1815,"102 Brian Springs Suite 639
Tinahaven, RI 91758",Y,miles
592,Aaron Coleman,719-87-3531,"30611 Brittney Meadow
Villarrealborough, MP 08907",N,hours
593,John Morrow,565-64-9314,"553 Meredith Mission Apt. 856
New Jenniferchester, DC 92669",Y,miles
594,Steven Thompson,441-67-7873,"26539 Schneider Valley Apt. 625
Amberview, MD 60842",Y,miles
595,Danielle Harrison,682-85-5861,"7185 Burton Lights
East Mitchellmouth, FM 58064",Y,hours
596,Christopher Bowen,060-15-5338,"47725 Jeremy Tunnel Suite 766
North Teresa, ID 65677",Y,miles
597,Stephanie Brown,450-81-3717,"348 Kelly Causeway
Port Michael, HI 85185",N,miles
598,Barbara Anderson,205-45-9742,"Unit 9512 Box 4280
DPO AP 01434",N,miles
599,Ronald Lynch,220-66-3193,"023 Erica Mountain Apt. 156
South Kelseyton, KY 24976",N,hours
600,Christine Armstrong,712-01-0159,"9866 Kelli Loop
Bakerberg, GU 32092",Y,miles
601,William Winters,053-72-7159,"4057 Daniel Plains
Ronaldtown, VA 01783",Y,miles
602,Jason Casey,146-10-8206,"669 Jason Wall
South Bradleymouth, SC 22449",N,hours
603,Donald Brown,880-43-7173,"8376 Gregory Lane Suite 049
Hansenmouth, MA 72417",Y,miles
604,Laura Acosta,692-48-2624,"651 Bradley Junction Apt. 356
Bradleyfurt, MI 51250",Y,hours
605,Kevin Lewis,519-43-4404,"96519 Joseph Crescent
Lake Amyhaven, NV 53239",N,miles
606,Mary Blair,406-27-0466,"019 Tanya Way Suite 762
Joneston, FL 40205",N,miles
607,Jennifer Santos,743-82-4149,"USS Graham
FPO AP 99593",N,hours
608,Jordan Ford,504-53-8545,"4936 Hendricks Street Suite 368
West Brandontown, AR 95656",Y,miles
609,Melinda Marshall,168-46-8906,"PSC 2632, Box 8891
APO AA 05722",Y,hours
610,Mark Wallace,728-19-6559,"90156 Olson Crest
West Mariabury, PW 17100",N,miles
611,Melissa Patrick,168-94-2302,"445 Crosby Turnpike
Nelsonchester, ND 45399",N,hours
612,Nancy Wheeler,291-85-0375,"Unit 1797 Box 2405
DPO AP 54146",Y,hours
613,Rebecca Miller,535-20-4204,"22943 Randy Lodge Suite 399
Hodgeschester, UT 30562",Y,miles
614,Kayla Gibson,297-23-5379,"892 Daniel Hill
Port Marie, MA 11936",N,miles
615,Mrs. Stacy Martinez,328-81-8474,"144 Jonathan Islands Suite 339
West Mariahton, FL 16330",Y,hours
616,Steven Herring,153-89-1099,"91889 Jimenez Meadows
Jenniferberg, WI 07547",Y,hours
617,Alexandria Maxwell,303-11-4046,"80133 Samuel Junction Suite 932
Port William, KY 15807",N,miles
618,Brandy Blake,588-10-9961,"012 Bruce Walks
Bennettshire, CO 16845",N,hours
619,Lauren Williams,548-47-0705,"772 Williams Union Apt. 244
Laurenhaven, AS 71941",N,hours
620,Jason Roberts,397-43-6712,"96871 Smith Estates
Stephensonland, DE 85220",Y,hours
621,Alyssa Harris,771-08-8531,"79670 Anne Fords Suite 199
Robertville, CO 74540",N,hours
622,Mr. Joseph Boyd Jr.,735-49-2758,"8909 Ariel Road
Frankhaven, NJ 90250",N,miles
623,Amber Rubio,759-06-3101,"529 Ashley Square Apt. 640
Port Debra, NV 16600",Y,miles
624,Kevin Morgan,835-96-8092,"6669 Wright Tunnel
Michaelton, PW 69972",N,miles
625,Robert Porter,841-02-7323,"932 Michael Mission
New Cassandra, MD 59549",Y,hours
626,Sarah Miller,304-58-5472,"6769 Amy Burgs Suite 143
West Kimberly, NJ 55799",N,hours
627,Erin Knapp,392-52-5460,"17918 Gomez Knolls Apt. 498
West Michaelton, OH 39380",N,miles
628,Sandra Miles,347-82-3776,"982 Robert Drive Suite 297
West Loganfort, GA 59439",N,miles
629,Billy Pham,210-70-2057,"44108 Garcia Burg
Hayesfurt, AR 95365",N,miles
630,Vincent Clayton,238-21-2830,"USNV Kim
FPO AA 31708",Y,miles
631,Joseph Padilla,242-16-5745,"753 Ramirez Union Apt. 622
New Elizabethberg, MO 32135",N,miles
632,Justin Juarez,765-91-3796,"1925 Morris Bridge
Joneston, IA 41632",Y,miles
633,Janet Reed,251-76-9130,"707 Ferguson Island
West Dannystad, NH 78895",N,miles
634,Steven Gray,826-05-5697,"PSC 3290, Box 6861
APO AA 62519",N,hours
635,James Moran,162-73-1000,"7225 Jessica Light
Thompsonburgh, VI 11380",Y,hours
636,Melinda Parker,736-84-1806,"1405 Dominguez Row
Port Jessica, CT 18470",Y,hours
637,Christopher Nelson,536-78-2337,"79651 Martha Union
New Patriciaberg, GU 19325",Y,miles
638,Troy Smith,779-04-4128,"39756 Cindy Spur Apt. 424
New Nicole, OR 47874",N,hours
639,Brianna Beck,396-98-9597,"4405 Michael Dale
Kristinville, NV 32024",Y,miles
640,Scott Perry,730-54-3060,"724 Sandra Estates Suite 838
Meganbury, IL 89485",N,miles
641,Michael Valdez,240-77-6933,"4555 Suzanne Villages
West Natalie, KS 07333",Y,hours
642,Debra Lane,889-07-1857,"65127 Summers Forest
Tylerfort, SD 68713",Y,hours
643,Patrick Burke,054-38-1619,"794 Jessica Ranch Suite 610
South Curtismouth, MN 03287",Y,miles
644,Luis Williams,474-82-5052,"714 York Hill
North Danielmouth, HI 02118",N,hours
645,Kari Marks,684-38-3789,"6757 Teresa River Apt. 869
Goodwinton, PR 86929",Y,miles
646,Jessica Bates,335-13-6509,"690 Gregory Inlet Apt. 133
Lake Wayne, AL 57445",N,miles
647,Brian Thompson,544-67-0434,"Unit 0922 Box 7159
DPO AA 09597",Y,hours
648,James Hamilton,860-73-0934,"6220 Heather Path
West Barbarashire, WI 59094",Y,miles
649,Erica Cannon,564-99-3520,"549 Brown Harbors Suite 840
East Shannonfurt, IN 09527",Y,hours
650,Richard Richard,096-08-1499,"510 Elizabeth Course
Ashleyshire, PW 05185",Y,miles
651,Shirley Thomas,465-07-2821,"858 Marie Street Apt. 891
North Rebeccaburgh, CT 57226",N,miles
652,Lisa Allen,074-57-5949,"56611 Allison Forest
Kevinstad, TX 91297",Y,miles
653,Robert Brown,695-04-5523,"96134 Smith Island Apt. 088
Leroychester, MP 87944",Y,miles
654,Valerie Davis,733-37-2042,"4098 Keith Way Suite 401
Emilyview, MI 02480",Y,miles
655,Deborah Thomas,768-99-4137,"359 Johnson Divide Apt. 653
North Erik, VT 51610",N,hours
656,Lisa Wright,142-96-9175,"36634 Brittany Street
New Haroldton, FM 80771",Y,hours
657,Jeffrey Evans,695-36-0139,"007 Stacey Spurs Apt. 083
Whiteside, CT 94338",Y,miles
658,Marcus Brooks,128-66-5934,"15458 Page Bridge Suite 229
Jodyview, KY 09070",Y,hours
659,Andrea Jenkins,722-59-1794,"19891 Kimberly Ville
North Sharon, MA 97354",N,hours
660,Dr. Zachary Bell,444-87-6408,"61462 Martin Shoals
Morrisport, MH 51308",N,hours
661,James Butler,693-61-6692,"81355 Rachel Lake Suite 392
North James, TN 03947",Y,hours
662,Allison Kim,863-94-5439,"09639 Avery Vista
Calvintown, PW 18379",N,miles
663,Tyler Andersen,210-69-0671,"554 Brett Extension
North Sandrachester, MT 81419",Y,hours
664,David Nicholson,437-09-9958,"7331 Patterson Stream
Timothyshire, TX 33789",Y,hours
665,Gabriela Sanchez,329-88-0400,"PSC 9886, Box 3750
APO AE 94418",Y,hours
666,Kari Taylor,177-58-9397,"5757 Baxter Creek
East Cynthia, PW 53886",N,miles
667,Kathy Guerrero,308-72-3880,"7308 Richardson Street Suite 793
Adrianside, NH 62665",N,miles
668,Patrick Smith,212-08-5581,"237 Theresa Key
South Kayla, IN 31544",N,hours
669,Bryan Price,283-82-4001,"5546 Santana Mountain
Scottmouth, OR 56149",N,miles
670,Jason Moran,301-11-6123,"441 Johnson Locks Apt. 833
Tannerton, MA 45254",Y,hours
671,Monica Clark,294-90-5420,"456 Lori Light Suite 066
Alvarezberg, UT 90927",Y,miles
672,Nancy Chandler,152-73-9576,"546 Edward Knolls Apt. 318
New Laurenmouth, AL 11184",Y,miles
673,Annette Williams,675-20-9255,"789 Garcia Harbor Apt. 861
Cynthiaview, MA 42942",Y,hours
674,Richard Brady,223-37-8785,"78977 Thomas Pine Apt. 178
North Brandonberg, PW 56473",Y,miles
675,Stephanie Villa,805-91-5937,"23788 Leah Shoal
South Eduardoville, ID 39301",N,miles
676,Melissa Huynh,251-55-3295,"9597 Compton Cliffs Apt. 553
Craigmouth, GA 79634",Y,hours
677,Emily Jackson,244-04-5119,"6944 Landry Landing
Mannport, SC 90569",Y,hours
678,Madison White,896-47-4880,"29861 Carol Way
Andrewbury, PA 00777",N,hours
679,Joseph Mcclain,556-69-1088,"579 Greg Divide
Taylorburgh, DE 95008",N,miles
680,Breanna Myers,077-92-2640,"0663 Barnes Tunnel Apt. 013
Port Amanda, IN 90148",Y,miles
681,David Lopez,630-79-8311,"Unit 3099 Box 9791
DPO AE 18191",Y,miles
682,Mark Mitchell,132-17-8672,"61075 Edward Mission
Adamsside, HI 93230",Y,hours
683,Wayne Cooper,331-96-1832,"3641 Downs Ramp
Martinhaven, MH 64751",Y,miles
684,Brittany Olson,446-33-6638,"2672 Debra Port
East Bruce, WY 23511",N,miles
685,Sandra Rogers,890-78-2078,"4595 Wells Land Apt. 790
Deborahborough, TN 19437",Y,hours
686,Veronica Johnson,398-57-1009,"9821 Hill Islands Suite 792
West Hannah, OH 95996",N,miles
687,Charles Harper,058-62-3343,"PSC 3317, Box 1248
APO AA 47752",N,hours
688,Tracy Christensen,681-84-0374,"85758 Ann Curve Suite 091
New Christopher, IN 56762",Y,hours
689,Lauren Kelly,311-16-1801,"145 Billy Parkway Apt. 852
Davenportberg, MS 39863",N,hours
690,Shane Robles,018-91-7007,"7404 Moon Ports
Deborahstad, PA 61778",N,hours
691,John Charles,753-33-9072,"26552 Jones Keys
Cindymouth, AL 98727",Y,hours
692,Randy Levy MD,145-94-7855,"11539 William Stravenue
Codyshire, WY 71313",N,miles
693,Christopher Fox,250-73-5943,"082 Jordan Mount Apt. 755
Millertown, ND 56280",Y,miles
694,Daniel Crawford,643-35-6025,"254 Hodge Creek Suite 672
Jamesbury, VA 88658",N,hours
695,Lindsay Johnson,406-95-3491,"4083 Clarke Crescent
Carterbury, TX 91473",N,hours
696,Lori Ray,493-50-4288,"71144 Gomez Summit
Marychester, CT 95923",Y,hours
697,Sherry Todd,499-30-2055,"718 Cruz Row
North Laura, KY 27225",N,hours
698,Heather Gomez,019-12-8687,"0214 Yolanda Trafficway
North Charlesborough, GU 48457",Y,hours
699,William Smith,894-34-8465,"5265 James Inlet Suite 031
Amandaberg, TX 77615",N,hours
700,Laura Ramirez,316-17-8214,"159 Martin Throughway
Lake Michelleport, NC 99239",N,miles
701,Mary Stewart,199-03-0688,"3843 Elizabeth Plain Apt. 072
Danielton, MD 98123",Y,hours
702,Amber Klein,389-37-7968,"234 Stafford Squares Apt. 011
East Darren, DE 50350",N,hours
703,Rachael Bryant,133-65-8905,"10041 Jones Views
Bowershaven, GU 54160",Y,miles
704,David Grimes,847-38-3275,"60826 Owens Squares
Port Matthewchester, CA 90022",Y,miles
705,Joan Watson,432-98-8017,"2681 Gina Brook
Nancyshire, DC 98104",N,hours
706,Cody Brown,393-36-0659,"7390 Stephanie Turnpike
Lake Tanyaborough, LA 06730",Y,hours
707,Eric Powell,535-75-5280,"PSC 0212, Box 3794
APO AE 60568",N,miles
708,Ms. Barbara Oneill,065-54-0274,"15726 William Forges
Lake Codyland, WV 52993",Y,miles
709,Brian Murray,672-18-3966,"254 Heather Mission
West Mary, GA 47065",N,hours
710,Shane Hawkins,677-53-3998,"9539 Moore Underpass Suite 819
North Catherine, GA 37386",N,miles
711,John Gonzalez,303-98-4458,"35076 Ana Hills
Stevenberg, MN 62015",Y,miles
712,Edward Boyd,164-82-9036,"81608 Martinez Estate
Joymouth, IL 69787",Y,miles
713,Alicia Haynes,006-04-9967,"2737 Wyatt Mews Suite 742
West Adam, DC 65321",Y,miles
714,Amanda Nguyen,853-40-4355,"68265 Thompson Squares Suite 320
Howefort, MN 53696",N,miles
715,Ethan Miller,523-12-4352,"567 Eric Crossing Apt. 268
Jesseburgh, MA 35024",Y,miles
716,Troy Hebert,266-50-6838,"3075 Woods Wall Suite 258
Port Stephanie, MD 34228",Y,miles
717,Laura Foster,488-14-4274,"0122 Jimenez Springs
East Patriciamouth, WA 98040",Y,hours
718,Stephanie Williams,493-56-9284,"8629 Angela Trail Apt. 209
East Lance, VT 71806",N,hours
719,Kristie Graham,369-35-9821,"09835 Nicholas Haven Suite 525
Port Jenniferbury, MO 91967",Y,miles
720,Christopher Smith,826-18-5264,"914 Tyler Valley Apt. 690
Tracyfort, OH 08424",Y,hours
721,Darren Russell,099-38-0369,"283 Robert Stream
Johnsonhaven, NM 15155",Y,miles
722,Jordan Miles,127-66-8859,"136 Paul Harbor
Carsonfurt, MS 02808",N,hours
723,Dalton Sanders,665-69-6929,"917 Martin Locks
South Joel, MA 57782",Y,miles
724,Angela Morris,185-68-6863,"932 Ford Greens Apt. 093
Port Timothychester, NV 67091",N,hours
725,Jennifer Nguyen,590-80-8949,"93839 Fred Mall Suite 325
Carrchester, PW 17130",Y,hours
726,Joe Vance,650-73-4277,"0517 Paula Island
East Amy, HI 41457",N,hours
727,Linda York,434-52-4367,"165 Clayton Canyon
Salazarport, AK 11606",N,miles
728,Brian Butler,649-35-7899,"10825 Hood Loop Suite 896
Michaelport, CT 27769",Y,hours
729,Leah Ellis,722-17-6806,"8110 Margaret Village
New Lauren, WI 02906",Y,miles
730,Steve Mckinney,307-36-8228,"7434 Carla Streets
North Johnview, WY 42094",N,hours
731,Angela Buckley,580-50-5193,"46554 Brown Stream
South Melissa, NV 40023",Y,miles
732,Sandra Frazier,188-47-5429,"67412 Crawford Cliffs Apt. 176
North Ericland, MO 61376",N,miles
733,Brandon Martin,124-27-3845,"7717 Pruitt Haven Suite 959
Jeffreyland, MS 18528",Y,miles
734,Charles Horton,084-24-4368,"6915 Brandon Dale
Mclaughlinshire, AR 07007",N,hours
735,Maria Sanchez,174-24-4557,"073 Scott Park
Hugheschester, TX 11719",Y,hours
736,Allison Stafford,060-46-9150,"12263 Copeland Mall
New Elizabeth, UT 06449",Y,hours
737,Lisa Martin,377-59-3860,"50816 Murphy Street Apt. 462
Port Alexanderstad, SC 74057",N,miles
738,Patrick Duncan,833-90-6707,"694 Nicole Lock Apt. 162
Sandraton, DC 71670",N,hours
739,Michelle Hall,704-53-9319,"664 Brenda Park Suite 740
Fernandezhaven, CO 22185",N,hours
740,Kelly Cole,379-57-7741,"8949 Laura Dam
Port Billville, SD 03357",Y,miles
741,Derrick Cruz,258-99-0740,"292 Goodwin Dale
Lake Julie, AL 80407",Y,miles
742,Daniel Mendez,311-75-2828,"517 Wood Station
Victoriaview, MS 83760",N,miles
743,Patricia Miller,830-45-1257,"97954 Crystal Turnpike Apt. 487
Port Jill, FM 98713",Y,miles
744,Norma Herrera,679-81-6896,"2941 Molina Plaza Apt. 852
East Jeffreymouth, CT 13040",Y,hours
745,Justin Maldonado,890-83-3827,"01315 Morgan Mills
Port Justinberg, NY 90920",N,hours
746,Amanda Bridges,628-28-9034,"918 Kathy Glen
Andrewbury, OK 05503",N,hours
747,Brenda Newton,614-83-8062,"5298 Hall Shore
Burgessfort, SC 77397",Y,miles
748,Christina Johnson,363-29-2821,"USNS Levine
FPO AP 81396",Y,hours
749,Miranda Wilson,749-14-7005,"6772 Mary Crescent Apt. 510
South Christopherton, WA 80453",Y,hours
750,Steven Hanson,574-38-2766,"839 Miguel Wall Suite 036
North Douglasland, MI 11672",Y,hours
751,Jacob Davis,048-41-5619,"8057 Matthew Glens
West Michaelmouth, DC 84422",N,miles
752,Melissa Brown,625-04-8626,"86081 Wilson Cliff
Karenshire, IL 68171",N,hours
753,Anthony Murphy,340-59-1256,"5982 Ward Glens
South Jillian, ND 99772",N,hours
754,Brandon Hicks,496-99-6366,"Unit 0972 Box 5485
DPO AE 56813",N,miles
755,Lori Brewer,170-18-2819,"492 Glenn Spurs Suite 278
Lake Johntown, AL 93067",N,miles
756,Jackson Glover,332-20-6584,"Unit 9250 Box 1262
DPO AE 78052",N,miles
757,Stephen Dougherty,398-94-6941,"59266 Dana Junctions Apt. 576
West Crystalside, NJ 35975",N,miles
758,Robert Hale,536-92-0240,"USS Maxwell
FPO AA 21741",N,hours
759,Sheri Cole,315-85-3530,"7184 Nguyen Mission Suite 278
Snowmouth, SD 97735",N,hours
760,Taylor Evans,498-01-8973,"98372 Harrison Rapids Apt. 337
Zacharymouth, DC 65909",Y,miles
761,Barbara Berry,718-54-3151,"Unit 9948 Box 7998
DPO AP 17976",N,miles
762,Jason Parker,533-30-6950,"85863 Melanie Turnpike
New Denisetown, NY 34103",Y,hours
763,Phillip Baker,747-44-0487,"22851 Derek Burg
South Richard, RI 13407",N,miles
764,Janice Castaneda,822-60-4871,"4304 Kristin Cliffs
South David, UT 59532",Y,miles
765,Jennifer Miller,307-54-1974,"851 Michelle Port Suite 048
Port Charles, WA 07756",Y,hours
766,Nicholas Smith,625-40-1776,"29065 Chan Coves
North Briannaport, AR 14666",N,miles
767,James Gutierrez,845-48-8123,"PSC 3282, Box 7143
APO AA 32717",Y,hours
768,Stephen Harris,130-51-5072,"7749 Mark Squares
North Susanhaven, CA 76523",N,hours
769,Samantha Navarro,013-13-8784,"545 Darren View
South Tyler, AK 12084",Y,hours
770,Jason Moore,314-06-0572,"6650 David Expressway Suite 239
New Thomas, RI 58948",N,miles
771,Rita Morris,873-79-6732,"57888 Hopkins Pass
South Melanieburgh, NE 71066",Y,miles
772,John Jones,639-97-6479,"4267 Sean Cape Apt. 528
Port Brendan, AR 82395",N,miles
773,Dawn White,568-08-3672,"70938 James Highway
North Elizabeth, AZ 65561",N,miles
774,Joshua Reed,436-03-9256,"297 Ward Spurs Apt. 060
Garnermouth, OR 22232",N,miles
775,Robin Turner,764-84-0171,"265 Schroeder Circles
Patrickhaven, NJ 27599",Y,miles
776,Jamie Bowman,137-92-6855,"68969 Victor Ways
Shawnside, CT 20681",N,hours
777,Ann Maldonado,147-34-4933,"38529 James Spring
Wilsonmouth, WI 72933",N,miles
778,Todd Williams,382-41-3742,"3095 Jennifer Summit Suite 885
Mathewsfurt, IA 35216",N,hours
779,Carlos Lee,806-97-5559,"USNV Miller
FPO AA 29945",N,hours
780,Ronald Bell,063-10-9594,"68786 Jacob Isle Suite 380
Lukemouth, DC 72600",N,miles
781,Gabriel Ray,330-91-7284,"PSC 5653, Box 5541
APO AA 51407",N,miles
782,Howard Brown,543-18-7669,"1650 Teresa Roads Apt. 169
Debrastad, TN 62790",Y,hours
783,Kiara Gonzalez,021-88-3233,"USNS Oneill
FPO AA 82073",N,hours
784,Craig Brooks,309-22-5269,"7284 Daniel Route
Lake Tracey, UT 19244",N,hours
785,Dr. Jaime Jordan,256-24-3504,"857 Alvarado Squares Suite 192
South Stephanie, GA 32213",Y,miles
786,Katherine Young DVM,355-35-0113,"67463 Melissa Tunnel Suite 879
West Garymouth, NH 69405",N,hours
787,Benjamin Massey,099-52-0596,"1717 Ellen Summit
Harrellville, AL 54090",N,miles
788,Beth Miles,395-78-5291,"192 Foster Cliffs
Derrickmouth, NV 97477",Y,miles
789,Michelle Huynh,336-70-7166,"1439 Patricia Pass
Jessicaburgh, FM 52524",N,hours
790,Thomas Gaines,616-72-5193,"8091 Barker Burgs
Sandraton, CA 04359",Y,miles
791,Sharon Morales,825-67-2108,"077 Alexander Ranch Apt. 053
Hawkinsbury, HI 74489",N,hours
792,Darlene Fox,677-03-2000,"31981 Foley Extension Suite 375
Laurenburgh, AL 26917",Y,hours
793,Jennifer Cantu,237-77-3507,"23828 Freeman Wells Apt. 573
Rojasport, NV 51513",Y,hours
794,David Ray,651-02-8115,"12184 Wilson Ports Apt. 660
New Cody, ND 20529",Y,miles
795,Jennifer Hutchinson,819-37-9564,"019 Williams Mall Suite 790
Kimberlyview, VA 02487",N,miles
796,Edward Jimenez,873-70-2902,"072 Carpenter View
Mcintyrefurt, AS 61765",Y,miles
797,Megan Bailey,283-74-9984,"853 Katherine Vista Suite 419
East Kevin, PA 70270",N,miles
798,Tara Sullivan,527-14-3499,"89768 Jennifer Loop
New Mauriceland, MN 53041",Y,hours
799,Samantha Campbell,270-81-1150,"460 Faulkner Place
Lopezside, FL 70458",N,hours
800,Kayla Roach,569-77-2755,"20623 Crystal Spurs Apt. 857
North Susanside, WI 53152",N,miles
801,Keith Delgado,241-57-3893,"USS Lawrence
FPO AP 92446",N,hours
802,Laurie Christian,492-07-1046,"51705 James Valley Suite 689
Franklinmouth, NC 16050",Y,hours
803,Mario Thomas,724-80-6951,"13407 Mark Crossing Suite 401
Marieville, OR 60350",N,miles
804,Mr. Jeffrey Shelton,198-60-9757,"8519 Omar Passage
Matthewland, VA 67568",N,hours
805,Kelly Davis,869-37-3102,"152 Edward Green
North Amy, NJ 31836",Y,miles
806,Jerry Short,178-62-9224,"11748 Nunez Oval
Robertsport, WV 19537",Y,hours
807,Rhonda Medina,276-28-2411,"33550 John Viaduct
East Christianfort, NC 77629",Y,miles
808,Andrew Hill,302-74-3352,"374 Martinez Lake
Crystalburgh, AZ 16451",Y,miles
809,Edward Clay,692-42-6062,"452 Perez Grove Apt. 236
Saraville, TX 96469",Y,miles
810,Heather Ramirez,831-82-5039,"844 Carpenter Cliffs Suite 033
Tylermouth, LA 49291",Y,miles
811,Robin Richards,377-06-4684,"18054 Frederick Row
Marquezfort, MD 40260",Y,miles
812,Michelle Roberts,414-46-3779,"4461 Johnson Prairie Suite 009
Melissaville, NE 82204",Y,miles
813,Kayla White,703-60-7927,"14283 Christopher Tunnel Suite 512
South Kimberly, NJ 65999",N,miles
814,Kevin Jefferson,857-66-8135,"1771 Brandt Way
West Denise, TN 28472",Y,hours
815,Nicole Hamilton,773-61-4940,"4774 Hartman Brooks
Davidtown, NM 34471",Y,miles
816,Mr. Anthony Mercado II,888-91-4350,"761 Michael Forks Apt. 824
North Andrewhaven, AK 61778",N,miles
817,Melanie Norman,084-77-8056,"64966 Martin Prairie
Micheleton, NJ 98615",N,hours
818,Alan Cruz,095-38-6107,"5275 Kelly Fields
Thompsonborough, VA 00536",Y,hours
819,Kathy Farmer DDS,894-63-8471,"6095 Susan Green
East Michaelfurt, ME 81418",Y,miles
820,Michelle Barr,790-85-3180,"2657 Parker Station Apt. 699
East Jillfurt, VA 49847",N,miles
821,James Martinez,327-84-5920,"824 Moody Fords
East Sharon, IL 87234",N,miles
822,Sean Fuentes,589-55-7534,"8470 Todd Club
Watsontown, MO 42662",Y,miles
823,Robert Salazar,648-80-0614,"255 Reyes Brook Suite 115
New Laurie, LA 06921",N,miles
824,Alexander Rice,039-42-8627,"796 Joshua Heights Suite 072
Maryside, MA 49285",N,hours
825,Matthew Rivera,550-20-0169,"590 Campbell Isle
Ambermouth, ND 06294",Y,hours
826,William Rivas,222-85-1296,"25173 David Skyway Suite 293
Michaelland, AL 24297",N,miles
827,Eric Jones,039-22-7399,"PSC 2431, Box 3550
APO AP 34048",N,hours
828,Misty Kemp,734-06-7031,"790 Schwartz Lodge Apt. 272
Danaside, IN 42553",N,hours
829,Stephanie Reyes,857-62-8388,"PSC 5356, Box 0984
APO AP 07782",N,miles
830,Alexandra Hall,278-36-4868,"4253 Walker Rapid Suite 083
South Erin, AS 48203",N,hours
831,Alexis Velazquez,237-66-0381,"53946 Nolan Causeway
Gabriellaville, CT 07665",Y,hours
832,Sandra Armstrong,818-27-8129,"787 Daniel Prairie
Lake Emily, ND 94153",Y,miles
833,James Smith,838-46-3942,"3410 Nicholas Loaf Apt. 566
Gibsonburgh, MA 72206",N,miles
834,David Dixon,295-31-8050,"937 Robinson Trace Apt. 288
Lake Susan, FL 08974",Y,hours
835,Douglas Gonzalez,535-53-1946,"082 Amber Loaf Suite 420
Hayesfurt, NM 88518",Y,miles
836,Lucas Wiggins,765-55-5860,"73897 Craig Shoals Apt. 284
Collierchester, CA 87252",N,hours
837,Carol Elliott,502-60-5763,"1996 Evans Hills Suite 532
New Leslieshire, VT 65920",N,miles
838,Gina Preston,245-83-5022,"7603 Stephanie Underpass
Elizabethfurt, MP 43785",Y,miles
839,Daniel Boone,364-38-5493,"465 Green Isle
Aaronberg, AZ 29251",Y,miles
840,Mrs. Ana Jacobs,872-43-5573,"5161 Janice Inlet
Christopherborough, SC 01467",N,miles
841,Samuel Anthony,540-76-9634,"68348 Davis Views
Onealberg, DC 97039",Y,miles
842,Julie Garcia,036-30-6044,"75371 Thomas Knoll Apt. 407
North Coryshire, MN 13275",N,hours
843,Tonya Marshall,446-65-8958,"0408 Johnson Fork
Jenniferside, AS 75092",N,miles
844,Wanda Scott,080-59-3258,"01758 Michelle Expressway Apt. 242
East Rachel, DE 95251",Y,miles
845,Austin Steele,132-25-6932,"044 Megan Valleys
New John, ID 72800",N,hours
846,Brittany Johnson,124-45-0318,"4262 Sullivan Stravenue
Edwinchester, LA 74255",N,miles
847,John Lewis,318-03-7419,"6838 Tiffany Radial Apt. 673
Lake Kathrynside, AR 34206",N,hours
848,Daniel Mccormick,010-56-9972,"09959 Jason Turnpike Suite 238
Markburgh, LA 53641",N,miles
849,Richard Hicks,150-63-8676,"439 Dustin Streets Apt. 315
Perezberg, VI 72783",Y,hours
850,Rhonda Collins,891-13-9825,"5745 Richards Spring Apt. 247
Dillonfurt, MH 97214",N,hours
851,Jon Williams,812-66-5013,"303 Robertson Crescent Apt. 562
Michaelside, GU 80357",N,miles
852,Julie Hudson,056-43-8343,"864 Christie Ridges Apt. 572
Marcobury, WI 18334",Y,miles
853,Autumn Pierce,533-50-6038,"Unit 5971 Box 8706
DPO AP 06440",N,hours
854,Hector Warren,825-30-7776,"005 Joseph Expressway Suite 624
Sherryborough, NM 81889",Y,hours
855,Mark Rogers,237-54-8266,"Unit 0330 Box 1674
DPO AA 55903",Y,miles
856,Misty Johnson,877-46-0910,"4815 Ward Islands
Port Reginaport, VA 63225",Y,miles
857,William Barr MD,164-05-8555,"2118 Gibson Circle
Hesterfurt, GU 23038",Y,miles
858,Savannah Rose,368-81-7746,"PSC 1805, Box 2764
APO AE 36276",Y,miles
859,Monica Glover,804-36-6795,"33836 Angela Ridges
Barretthaven, IA 53039",Y,miles
860,Angela Butler,427-71-8863,"035 Tucker Mountain
New Lisachester, NM 61292",N,hours
861,Kenneth Aguilar,712-91-0116,"415 Dillon Haven
Nicoleton, ID 70535",Y,hours
862,Carla Brooks,872-56-6208,"USNS Howell
FPO AP 91419",N,miles
863,Justin Taylor,747-90-9496,"31763 Matthew Keys
Sherylland, MN 87890",N,miles
864,Kim Holt DDS,037-93-7881,"6695 Todd Fort
Terribury, DC 76301",N,miles
865,Julia Combs,297-87-9569,"USNV Conner
FPO AP 40994",Y,miles
866,Julie Sanchez,613-56-0622,"690 Richards Centers
West Sylvia, CO 19898",N,hours
867,Brandon Goodman,007-28-9257,"USNS Rodriguez
FPO AE 48169",Y,hours
868,Charles Jones,113-14-0946,"730 Beth Grove Suite 998
West Thomas, AR 55861",N,miles
869,Ashley Wolfe,251-65-9557,"73900 Maxwell Plains Apt. 948
Royport, NH 10117",Y,miles
870,Sherry Sanchez,180-27-9352,"USNV Wilson
FPO AA 19188",N,hours
871,Gary Rubio,442-56-1425,"56972 Anthony Plains
Macdonaldmouth, LA 94955",Y,miles
872,Willie Brooks,848-45-7034,"92231 Williams Trafficway Apt. 047
East Haley, AK 31562",Y,hours
873,Heather Young,477-53-8733,"07738 Isabella Prairie
Sotoview, NJ 34136",Y,hours
874,David Mendez,545-01-4149,"4758 Angela Flat
Chelseastad, RI 10860",N,miles
875,Nancy Nelson,564-22-0418,"9809 Cole Lock
Vanessahaven, KS 58022",Y,miles
876,Mark Kirk,819-34-0152,"Unit 2949 Box 8647
DPO AA 02224",Y,miles
877,Jeffrey Kramer,001-42-7585,"485 Jack Loop
New Shannonfort, WV 98179",N,miles
878,Dana Wolfe,357-78-9701,"809 Theresa Expressway
West Josemouth, MT 39492",N,miles
879,Amber Vasquez,213-98-1805,"033 Kimberly Camp Apt. 073
South Katherine, WY 25894",Y,miles
880,Lee Thornton,270-98-4788,"9623 Patrick Cliff
Morrisonside, MN 27049",N,hours
881,Brandon Faulkner,197-55-8370,"821 Mora Green
Duranville, TX 25327",N,miles
882,Lee Glenn,450-01-7258,"7899 Pierce Meadow Apt. 568
North William, WA 52583",N,hours
883,Stephen Williams,673-87-9354,"USNV Griffin
FPO AP 00558",N,miles
884,Phillip Brooks,460-20-1641,"9163 Jennifer Isle
Andersonmouth, MI 89120",N,miles
885,Frank Burton,177-58-1078,"40396 Daniel Meadow
North Gregoryside, MD 29485",Y,miles
886,Nichole Roberts,482-15-6109,"161 Sharon Route
South Henry, VT 83978",N,hours
887,Jason Cruz,467-16-2633,"488 Darlene Island
Williamsmouth, PR 68303",N,hours
888,Robert Martinez,422-39-7090,"78107 Lee Points
North Danielhaven, HI 82798",N,miles
889,Misty Wood,820-37-1871,"Unit 3036 Box 2942
DPO AE 15678",Y,hours
890,Norma Stark,009-44-3721,"85034 Mercado Unions
Lake Gregorystad, AK 43643",N,hours
891,Jason Mitchell,240-89-7275,"016 House Neck Apt. 223
Blevinsburgh, PR 95253",N,miles
892,Priscilla Hernandez,755-33-2767,"43670 Porter Radial
Moorehaven, PW 24388",N,hours
893,Matthew Sullivan,615-83-8668,"044 Smith Port
West Nicholas, CO 46654",Y,hours
894,William Dodson,471-26-0076,"184 Mcbride Curve
Jamesfurt, WI 97870",N,miles
895,Linda Tate,674-91-7679,"417 Danielle Knoll Suite 336
Danielland, IA 41960",N,hours
896,Tina Blake,645-51-6383,"9863 Samantha Shore
Shelbyton, NM 51595",N,hours
897,Stephanie Johnson,109-52-6959,"29815 Lisa Tunnel Suite 501
New Mathewshire, KY 90222",N,hours
898,Andrea Wilkerson,276-78-7942,"358 Robert River
South Daisyfort, MO 41376",Y,miles
899,Jessica Jackson,599-60-4259,"PSC 8502, Box 7293
APO AP 18386",Y,hours
900,Jasmine Baker,692-15-0218,"8219 Parker Ramp
Krystalfort, TX 92105",N,miles
901,Trevor Burton,818-58-4279,"593 Derek Stream Apt. 356
New Pamela, WI 58455",N,miles
902,Valerie Harris,010-03-3577,"16511 Reynolds Mountains
East Alexander, VA 15902",Y,hours
903,Nicholas Wilson,301-26-2366,"301 Dixon Crossroad Suite 505
Burkeberg, NY 50552",N,miles
904,Kenneth Brown,583-37-2214,"598 Valdez Pine Suite 655
South Michael, VI 79768",N,miles
905,Jennifer Rivera,355-87-2909,"14327 Williams Corners
Gomezbury, IL 69778",Y,hours
906,Laura Wheeler,834-79-4940,"Unit 7985 Box 9836
DPO AE 46937",Y,hours
907,Brandy Jones,354-01-9391,"54964 Merritt Unions
South Wendyton, MH 70389",N,miles
908,Noah Miller,713-53-0906,"6101 Jimenez Lodge
Nicholasland, SC 03879",Y,miles
909,Brandi Pena,789-26-0685,"6860 Rivera Plain
Franklinside, DC 51422",Y,hours
910,Jeffrey Wiley,638-40-7248,"460 Reyes Mills
West Jessicahaven, ID 51490",Y,miles
911,Rhonda Stephenson,582-82-5726,"6812 Erica Center Apt. 721
Port Michaelburgh, OR 30636",N,miles
912,Donna Brooks,446-31-3505,"PSC 2464, Box 6233
APO AE 64123",Y,miles
913,John Hernandez,232-75-8093,"668 Thomas Underpass Apt. 783
Christopherberg, MH 39550",Y,miles
914,Nicole Baker,305-58-2876,"137 Peggy Plains Suite 388
Chavezton, CA 03960",Y,miles
915,Anthony Montes,084-52-6264,"213 Zachary Isle Suite 448
East Davidmouth, AS 08625",N,miles
916,Sandra Cooke,702-58-5835,"68539 Wallace Forges
Hectorfort, FL 47851",Y,miles
917,Christian Torres,371-43-9642,"14684 Cox Fork
Conwayfort, IL 03666",Y,miles
918,Jamie Parker,361-83-1994,"160 Roger Prairie
Haynestown, NY 53700",Y,hours
919,Kathryn Hughes,487-27-1488,"Unit 9850 Box 5371
DPO AP 90891",Y,miles
920,Sheila Wilson,002-48-3199,"2154 King Avenue
West Joshuaville, WI 15026",N,hours
921,Erin Stevens,114-61-3086,"34196 Scott Lights Apt. 754
South Vincentland, NJ 73705",N,hours
922,Laura White,590-96-2113,"USCGC Morrison
FPO AA 23392",N,hours
923,Tracy Rodriguez,855-16-1131,"6589 Janice Isle Suite 886
Michaelfurt, MD 37248",N,miles
924,Christopher Richards,894-51-6244,"USNV Bailey
FPO AA 38098",N,miles
925,Mr. James Whitaker IV,816-37-3308,"307 Bill Mills Suite 180
Staceyburgh, TX 41718",N,miles
926,Amanda Chung,541-22-8406,"55242 Bennett Extension Suite 817
Lake Edwin, MI 88248",Y,hours
927,Thomas Wilson,128-29-2309,"8783 Hill Trail Suite 907
Burnsfurt, TN 39015",N,miles
928,Lisa Wood,697-20-3589,"2409 Courtney Road Suite 371
New Monicaborough, NM 94177",Y,miles
929,Jeffrey Anderson,119-71-6768,"Unit 6207 Box 9127
DPO AP 40846",Y,miles
930,Tony Ward,024-83-4234,"9264 Mary Plains Apt. 526
Davisshire, ID 78567",N,hours
931,Kimberly Bowers,817-09-3938,"62902 Santos Manor Suite 775
Gonzalezfurt, SD 69094",N,hours
932,Douglas Hoffman,841-14-1164,"1279 Tyler Roads Suite 896
Port Dylanview, NJ 13137",N,hours
933,Kristen Potter,136-74-5401,"916 Timothy Stravenue
Michealbury, WI 41788",Y,miles
934,Robert Bradford,731-16-9609,"USNV Harris
FPO AP 04471",N,miles
935,Stephen Newton,879-11-8686,"354 Henderson Park
Tylerstad, GA 71563",Y,miles
936,Heather Trujillo,490-11-0358,"717 Dunlap Shoal Apt. 202
Scottborough, MI 46553",Y,hours
937,Lori Wallace,812-19-9858,"213 Bryan Court
Morenoberg, WA 53065",Y,miles
938,John Hester,703-59-4706,"396 Roberts Views
Anthonyton, OR 49529",Y,miles
939,Joseph Knapp,581-73-8983,"4817 Allison Village Apt. 843
Austinborough, MP 99469",N,hours
940,Sandra Brown,771-41-1741,"9328 Rachel Tunnel Suite 084
South Amandafort, MI 52361",N,miles
941,Terrence Moore,105-77-5424,"38527 Solis Place
Parrishton, WV 37210",Y,miles
942,Kimberly Sullivan,211-15-2682,"6157 Renee Court
Rebeccahaven, GU 79815",N,miles
943,Mario Anthony,249-11-6321,"26276 Regina Mission
New Reneebury, NV 39061",Y,miles
944,April Tyler PhD,314-56-1542,"096 Ryan Lane
Rogerstown, AZ 40459",N,hours
945,Kathy Foster,057-96-6469,"7767 Johnson Prairie Apt. 285
Lake Jason, GA 24488",N,hours
946,Amanda Snyder,279-76-4949,"598 Costa Ferry Apt. 055
New Paulaside, DE 28206",N,miles
947,Mr. Stephen Mann,501-13-0434,"2158 Devin Court Suite 879
Lake Allison, IN 36210",N,hours
948,Kevin Johnson DDS,356-87-9036,"14838 Janet Grove Apt. 732
Hansonmouth, KS 78790",N,hours
949,Natalie Myers,851-18-1544,"206 Morgan Plaza
Cherylburgh, CA 07814",N,hours
950,Zachary Wiggins,706-02-1293,"0873 Adam Isle
Luisland, OH 21359",N,hours
951,Kenneth Hawkins,249-11-0721,"24670 Samantha Trace Apt. 410
Tammyfort, MH 53905",Y,hours
952,Matthew Mitchell,408-61-7777,"5188 Wendy Pines Apt. 898
Port Antonio, MT 44142",Y,miles
953,Kelly Fernandez,204-84-2835,"30687 Adam Lights
Port Wendybury, PW 54722",N,hours
954,Olivia Heath,312-10-0342,"2594 Deborah Pine Apt. 469
Port Audrey, WY 05162",Y,hours
955,Ryan Williams,770-27-1616,"6327 Berry Fort Apt. 710
Matthewfort, PA 80659",Y,hours
956,Lisa Cole,518-65-0649,"43606 Pamela Station
Port Tabitha, MA 98458",N,hours
957,Dawn Gomez,742-24-5692,"1639 Bishop Canyon
Lindseytown, NH 63022",Y,miles
958,Jennifer Mclean,830-21-6243,"207 Toni Meadow
Port Josephchester, NH 79276",Y,hours
959,Katelyn Mendez,274-97-0468,"51359 Wong Spur
Ambermouth, ND 52886",N,miles
960,Cassandra Jacobs,738-10-6016,"813 Wilson Groves
Port Michellehaven, RI 74370",N,miles
961,Maria Morales,808-75-5839,"214 Kristin Curve
Port Michaelland, PR 72747",Y,hours
962,John Cruz,163-09-6264,"6214 Brown Pass
East Katherinehaven, MN 23155",N,miles
963,William Barnes,288-08-3860,"02678 Buckley Dale Apt. 177
Lake Jeffrey, PW 83646",Y,miles
964,Michelle Fisher,566-62-3496,"58714 Nicholas Divide Apt. 272
Laurashire, WV 50148",Y,hours
965,Richard Clarke,401-91-3559,"9077 Zimmerman Land
Webbport, CO 85068",Y,hours
966,Jillian Howell,653-65-1088,"85208 Samuel Turnpike
Brownbury, NY 62799",Y,miles
967,Rhonda Becker,818-79-1928,"263 Nelson Ranch
Williamschester, NC 91646",N,miles
968,John Singh,625-70-8078,"23108 Mike Creek
Lake Rachel, MD 14218",Y,hours
969,Chad Edwards,484-09-3326,"424 Dillon Point
Lake Monique, VT 21898",N,hours
970,Emily Russell,480-63-2148,"85030 Randy Streets Suite 432
Lake Nathaniel, OK 72643",N,hours
971,Virginia Reynolds,499-97-7232,"444 Andrews Village
Alvareztown, WV 45138",Y,miles
972,Christopher Rodriguez,582-72-9417,"213 Harris Light
Bautistamouth, KS 95702",N,miles
973,Rachel Sims,742-17-9848,"083 Michael Burg Suite 857
South Kimberly, ID 84274",N,hours
974,Lindsey Robertson,486-18-9492,"4000 Singh Corner Apt. 349
Crawfordport, MP 28190",Y,miles
975,Kimberly Miller,191-08-2796,"50990 Randy Hill
New Christopherhaven, UT 10195",Y,hours
976,Matthew Coleman,056-13-0489,"078 Wong Rapids
South James, HI 98771",N,miles
977,Garrett Campbell,250-88-8201,"PSC 5213, Box 0994
APO AA 65454",Y,miles
978,Wendy Browning,211-58-1728,"95419 Goodman Stream Apt. 180
Rodriguezside, TN 42384",Y,miles
979,Kelly Sanchez,191-76-0367,"43842 Russell Rue Suite 122
Brianborough, PA 49732",N,miles
980,Christopher Bell,370-44-4150,"921 Susan River
West Shannonchester, DC 44586",N,miles
981,John Duffy,046-54-6635,"1143 Frazier Stream Suite 281
Lake Annettemouth, WV 14544",N,hours
982,Anita Davis,356-03-4133,"5753 Christina Keys Apt. 602
East Patricia, OR 20953",N,hours
983,Renee Gray,784-78-0675,"2290 Jenkins Cove Apt. 184
North Kristymouth, SD 54657",Y,miles
984,Joshua Tyler,603-59-7229,"944 Simpson Oval
North Amandamouth, GA 13976",Y,miles
985,Anthony Branch,252-60-5001,"9293 Mark Trail
Brianburgh, GU 03977",N,miles
986,Ashley Watson,383-23-9466,"5185 Susan Gateway
Patrickfurt, SC 50184",N,miles
987,Rebecca Rodriguez,080-64-3846,"938 Ray Ranch Apt. 377
Nelsonborough, FL 59823",N,miles
988,Michael Caldwell,677-94-3160,"96709 Lang Ports Suite 717
Gardnerview, PA 79128",N,hours
989,Michael Lee,006-32-9023,"20008 Brittany Gardens
North Albert, DC 34662",Y,hours
990,Jason Gonzalez,882-99-3416,"69224 Kelley Crest Suite 009
Patrickchester, PW 58642",N,hours
991,Jessica Smith,296-61-3761,"14633 Kevin Light Apt. 438
Judytown, HI 24689",N,hours
992,Melissa Cole,228-76-1081,"072 Emily Rest Suite 989
Petersonmouth, AS 24373",Y,miles
993,Brandon Kelly,759-33-4153,"5329 Garcia Circle Apt. 118
New William, NV 38734",N,miles
994,Luke Bell,392-89-6597,"8503 Smith Freeway Apt. 380
New Hannahport, MA 41285",N,hours
995,Danielle Jackson,226-86-7720,"5379 Colin Crest Apt. 726
Perrychester, SC 75825",N,hours
996,Ricky Allison,701-83-4039,"56543 Michael Valley Suite 090
North Brianna, SC 57110",Y,hours
997,Henry Thomas,273-99-1722,"380 Gilbert Mountain
South Rebecca, NY 14588",N,hours
998,Rebecca Bernard,381-38-5255,"42898 Wilson Creek
Ortizstad, NH 04735",N,miles
999,Pamela Estrada,144-65-7568,"Unit 0372 Box 7751
DPO AA 03534",N,miles
1000,William Johnston,491-09-0423,"38338 Joshua Spring
New Sethville, WI 41748",Y,hours
1001,Thomas Sullivan,555-68-1243,"10633 Mccoy Roads Apt. 216
Shawnland, NC 34186",N,hours
1002,Daniel Evans,682-03-1867,"6726 Herrera Creek Suite 097
Port Rebecca, PW 16808",Y,miles
1003,Patricia Miller,879-87-5814,"USNS Howe
FPO AP 36221",N,miles
1004,Amanda Silva,414-86-9164,"771 Timothy Pines
Port Janet, PW 70576",Y,hours
1005,Michael Price,053-17-2636,"893 Kramer Brooks
Andrewburgh, NC 30073",N,hours
1006,Stephanie Smith,611-26-8446,"406 Kevin Lock Apt. 959
West Laurenville, IA 63447",Y,miles
1007,Andrew Haas,868-22-5570,"516 Mark Crest
Port Erin, VA 05771",Y,miles
1008,Autumn Dalton,431-52-5825,"42725 John Path Suite 711
Shaneshire, MN 72922",N,miles
1009,Alyssa Rowe DVM,078-61-8985,"87124 Shawn Expressway
New Jennaberg, DE 68347",N,miles
